-- phpMyAdmin SQL Dump
-- version 4.5.1
-- http://www.phpmyadmin.net
--
-- Servidor: 127.0.0.1
-- Tiempo de generación: 22-06-2016 a las 13:40:43
-- Versión del servidor: 10.1.9-MariaDB
-- Versión de PHP: 5.6.15

SET SQL_MODE = "NO_AUTO_VALUE_ON_ZERO";
SET time_zone = "+00:00";


/*!40101 SET @OLD_CHARACTER_SET_CLIENT=@@CHARACTER_SET_CLIENT */;
/*!40101 SET @OLD_CHARACTER_SET_RESULTS=@@CHARACTER_SET_RESULTS */;
/*!40101 SET @OLD_COLLATION_CONNECTION=@@COLLATION_CONNECTION */;
/*!40101 SET NAMES utf8mb4 */;

--
-- Base de datos: `filmiere_bd`
--

--
-- Volcado de datos para la tabla `butacas_ocupadas`
--

INSERT INTO `usuarios` (`NombreU`, `Contrasena`, `Tipo`, `num_aleatorio`) VALUES
('admin', '$2y$10$dP.rF3w68D4ynJejtfooWeYDFMuXr6hcHNjx5ZJSYGDukyVAronla', 'ADMIN', 18477),
('gestor', '$2y$10$x3pyg8Hc8IxBDkQ7KjwcJOCm/2AeQWp.cUQddtD4pa941g85l1tIO', 'GESTOR', 27470),
('socio', '$2y$10$RtAv0.2uKTdCbvpoPwSbzecXlONlY5N6gn4KT3KJ9FBOAdAGBiOae', 'SOCIO', 14516);


INSERT INTO `socio` (`nombre_usuario`, `nombre_completo`, `correo`, `telefono`) VALUES
('socio', '', 'socio@hotmail.com', '');


INSERT INTO `sala` (`num_sala`) VALUES
(1),
(2),
(3),
(4),
(5),
(6);



INSERT INTO `plantilla_butacas_sala` (`num_sala`, `fila`, `columna`, `tipo_butaca`) VALUES
(1, 1, 1, 'NORMAL'),
(1, 1, 2, 'NORMAL'),
(1, 1, 3, 'NORMAL'),
(1, 1, 4, 'NORMAL'),
(1, 1, 5, 'NORMAL'),
(1, 1, 6, 'NORMAL'),
(1, 1, 7, 'NORMAL'),
(1, 1, 8, 'NORMAL'),
(1, 1, 9, 'NORMAL'),
(1, 1, 10, 'NORMAL'),
(1, 1, 11, 'NORMAL'),
(1, 1, 12, 'NORMAL'),
(1, 1, 13, 'NORMAL'),
(1, 1, 14, 'NORMAL'),
(1, 1, 15, 'NORMAL'),
(1, 1, 16, 'NORMAL'),
(1, 1, 17, 'NORMAL'),
(1, 1, 18, 'NORMAL'),
(1, 1, 19, 'NORMAL'),
(1, 2, 1, 'NORMAL'),
(1, 2, 2, 'NORMAL'),
(1, 2, 3, 'NORMAL'),
(1, 2, 4, 'NORMAL'),
(1, 2, 5, 'NORMAL'),
(1, 2, 6, 'NORMAL'),
(1, 2, 7, 'NORMAL'),
(1, 2, 8, 'NORMAL'),
(1, 2, 9, 'NORMAL'),
(1, 2, 10, 'NORMAL'),
(1, 2, 11, 'NORMAL'),
(1, 2, 12, 'NORMAL'),
(1, 2, 13, 'NORMAL'),
(1, 2, 14, 'NORMAL'),
(1, 2, 15, 'NORMAL'),
(1, 2, 16, 'NORMAL'),
(1, 2, 17, 'NORMAL'),
(1, 2, 18, 'NORMAL'),
(1, 2, 19, 'NORMAL'),
(1, 3, 1, 'NORMAL'),
(1, 3, 2, 'NORMAL'),
(1, 3, 3, 'NORMAL'),
(1, 3, 4, 'NORMAL'),
(1, 3, 5, 'NORMAL'),
(1, 3, 6, 'NORMAL'),
(1, 3, 7, 'NORMAL'),
(1, 3, 8, 'NORMAL'),
(1, 3, 9, 'NORMAL'),
(1, 3, 10, 'NORMAL'),
(1, 3, 11, 'NORMAL'),
(1, 3, 12, 'NORMAL'),
(1, 3, 13, 'NORMAL'),
(1, 3, 14, 'NORMAL'),
(1, 3, 15, 'NORMAL'),
(1, 3, 16, 'NORMAL'),
(1, 3, 17, 'NORMAL'),
(1, 3, 18, 'NORMAL'),
(1, 3, 19, 'NORMAL'),
(1, 4, 1, 'NORMAL'),
(1, 4, 2, 'NORMAL'),
(1, 4, 3, 'NORMAL'),
(1, 4, 4, 'NORMAL'),
(1, 4, 5, 'NORMAL'),
(1, 4, 6, 'NORMAL'),
(1, 4, 7, 'NORMAL'),
(1, 4, 8, 'NORMAL'),
(1, 4, 9, 'NORMAL'),
(1, 4, 10, 'NORMAL'),
(1, 4, 11, 'NORMAL'),
(1, 4, 12, 'NORMAL'),
(1, 4, 13, 'NORMAL'),
(1, 4, 14, 'NORMAL'),
(1, 4, 15, 'NORMAL'),
(1, 4, 16, 'NORMAL'),
(1, 4, 17, 'NORMAL'),
(1, 4, 18, 'NORMAL'),
(1, 4, 19, 'NORMAL'),
(1, 5, 1, 'NORMAL'),
(1, 5, 2, 'NORMAL'),
(1, 5, 3, 'NORMAL'),
(1, 5, 4, 'NORMAL'),
(1, 5, 5, 'NORMAL'),
(1, 5, 6, 'NORMAL'),
(1, 5, 7, 'NORMAL'),
(1, 5, 8, 'NORMAL'),
(1, 5, 9, 'NORMAL'),
(1, 5, 10, 'NORMAL'),
(1, 5, 11, 'NORMAL'),
(1, 5, 12, 'NORMAL'),
(1, 5, 13, 'NORMAL'),
(1, 5, 14, 'NORMAL'),
(1, 5, 15, 'NORMAL'),
(1, 5, 16, 'NORMAL'),
(1, 5, 17, 'NORMAL'),
(1, 5, 18, 'NORMAL'),
(1, 5, 19, 'NORMAL'),
(1, 6, 1, 'NORMAL'),
(1, 6, 2, 'NORMAL'),
(1, 6, 3, 'NORMAL'),
(1, 6, 4, 'NORMAL'),
(1, 6, 5, 'NORMAL'),
(1, 6, 6, 'NORMAL'),
(1, 6, 7, 'NORMAL'),
(1, 6, 8, 'NORMAL'),
(1, 6, 9, 'NORMAL'),
(1, 6, 10, 'NORMAL'),
(1, 6, 11, 'NORMAL'),
(1, 6, 12, 'NORMAL'),
(1, 6, 13, 'NORMAL'),
(1, 6, 14, 'NORMAL'),
(1, 6, 15, 'NORMAL'),
(1, 6, 16, 'NORMAL'),
(1, 6, 17, 'NORMAL'),
(1, 6, 18, 'NORMAL'),
(1, 6, 19, 'NORMAL'),
(1, 7, 1, 'NORMAL'),
(1, 7, 2, 'NORMAL'),
(1, 7, 3, 'NORMAL'),
(1, 7, 4, 'NORMAL'),
(1, 7, 5, 'NORMAL'),
(1, 7, 6, 'VIP'),
(1, 7, 7, 'VIP'),
(1, 7, 8, 'VIP'),
(1, 7, 9, 'VIP'),
(1, 7, 10, 'VIP'),
(1, 7, 11, 'VIP'),
(1, 7, 12, 'VIP'),
(1, 7, 13, 'VIP'),
(1, 7, 14, 'VIP'),
(1, 7, 15, 'NORMAL'),
(1, 7, 16, 'NORMAL'),
(1, 7, 17, 'NORMAL'),
(1, 7, 18, 'NORMAL'),
(1, 7, 19, 'NORMAL'),
(1, 8, 1, 'NORMAL'),
(1, 8, 2, 'NORMAL'),
(1, 8, 3, 'NORMAL'),
(1, 8, 4, 'NORMAL'),
(1, 8, 5, 'NORMAL'),
(1, 8, 6, 'VIP'),
(1, 8, 7, 'VIP'),
(1, 8, 8, 'VIP'),
(1, 8, 9, 'VIP'),
(1, 8, 10, 'VIP'),
(1, 8, 11, 'VIP'),
(1, 8, 12, 'VIP'),
(1, 8, 13, 'VIP'),
(1, 8, 14, 'VIP'),
(1, 8, 15, 'NORMAL'),
(1, 8, 16, 'NORMAL'),
(1, 8, 17, 'NORMAL'),
(1, 8, 18, 'NORMAL'),
(1, 8, 19, 'NORMAL'),
(1, 9, 1, 'NORMAL'),
(1, 9, 2, 'NORMAL'),
(1, 9, 3, 'NORMAL'),
(1, 9, 4, 'NORMAL'),
(1, 9, 5, 'NORMAL'),
(1, 9, 6, 'VIP'),
(1, 9, 7, 'VIP'),
(1, 9, 8, 'VIP'),
(1, 9, 9, 'VIP'),
(1, 9, 10, 'VIP'),
(1, 9, 11, 'VIP'),
(1, 9, 12, 'VIP'),
(1, 9, 13, 'VIP'),
(1, 9, 14, 'VIP'),
(1, 9, 15, 'NORMAL'),
(1, 9, 16, 'NORMAL'),
(1, 9, 17, 'NORMAL'),
(1, 9, 18, 'NORMAL'),
(1, 9, 19, 'NORMAL'),
(1, 10, 1, 'NORMAL'),
(1, 10, 2, 'NORMAL'),
(1, 10, 3, 'NORMAL'),
(1, 10, 4, 'NORMAL'),
(1, 10, 5, 'NORMAL'),
(1, 10, 6, 'NORMAL'),
(1, 10, 7, 'NORMAL'),
(1, 10, 8, 'NORMAL'),
(1, 10, 9, 'NORMAL'),
(1, 10, 10, 'NORMAL'),
(1, 10, 11, 'NORMAL'),
(1, 10, 12, 'NORMAL'),
(1, 10, 13, 'NORMAL'),
(1, 10, 14, 'NORMAL'),
(1, 10, 15, 'NORMAL'),
(1, 10, 16, 'NORMAL'),
(1, 10, 17, 'NORMAL'),
(1, 10, 18, 'NORMAL'),
(1, 10, 19, 'NORMAL'),
(1, 11, 1, 'NORMAL'),
(1, 11, 2, 'NORMAL'),
(1, 11, 3, 'NORMAL'),
(1, 11, 4, 'NORMAL'),
(1, 11, 5, 'NORMAL'),
(1, 11, 6, 'NORMAL'),
(1, 11, 7, 'NORMAL'),
(1, 11, 8, 'NORMAL'),
(1, 11, 9, 'NORMAL'),
(1, 11, 10, 'NORMAL'),
(1, 11, 11, 'NORMAL'),
(1, 11, 12, 'NORMAL'),
(1, 11, 13, 'NORMAL'),
(1, 11, 14, 'NORMAL'),
(1, 11, 15, 'NORMAL'),
(1, 11, 16, 'NORMAL'),
(1, 11, 17, 'NORMAL'),
(1, 11, 18, 'NORMAL'),
(1, 11, 19, 'NORMAL'),
(1, 12, 1, 'NORMAL'),
(1, 12, 2, 'NORMAL'),
(1, 12, 3, 'NORMAL'),
(1, 12, 4, 'NORMAL'),
(1, 12, 5, 'NORMAL'),
(1, 12, 6, 'NORMAL'),
(1, 12, 7, 'NORMAL'),
(1, 12, 8, 'NORMAL'),
(1, 12, 9, 'NORMAL'),
(1, 12, 10, 'NORMAL'),
(1, 12, 11, 'NORMAL'),
(1, 12, 12, 'NORMAL'),
(1, 12, 13, 'NORMAL'),
(1, 12, 14, 'NORMAL'),
(1, 12, 15, 'NORMAL'),
(1, 12, 16, 'NORMAL'),
(1, 12, 17, 'NORMAL'),
(1, 12, 18, 'NORMAL'),
(1, 12, 19, 'NORMAL'),
(1, 13, 1, 'NORMAL'),
(1, 13, 2, 'NORMAL'),
(1, 13, 3, 'NORMAL'),
(1, 13, 4, 'NORMAL'),
(1, 13, 5, 'NORMAL'),
(1, 13, 6, 'NORMAL'),
(1, 13, 7, 'NORMAL'),
(1, 13, 8, 'NORMAL'),
(1, 13, 9, 'NORMAL'),
(1, 13, 10, 'NORMAL'),
(1, 13, 11, 'NORMAL'),
(1, 13, 12, 'NORMAL'),
(1, 13, 13, 'NORMAL'),
(1, 13, 14, 'NORMAL'),
(1, 13, 15, 'NORMAL'),
(1, 13, 16, 'NORMAL'),
(1, 13, 17, 'NORMAL'),
(1, 13, 18, 'NORMAL'),
(1, 13, 19, 'NORMAL'),
(1, 14, 1, 'MINUSVALIDOS'),
(1, 14, 2, 'MINUSVALIDOS'),
(1, 14, 3, 'NORMAL'),
(1, 14, 4, 'NORMAL'),
(1, 14, 5, 'NORMAL'),
(1, 14, 6, 'NORMAL'),
(1, 14, 7, 'NORMAL'),
(1, 14, 8, 'NORMAL'),
(1, 14, 9, 'MINUSVALIDOS'),
(1, 14, 10, 'NORMAL'),
(1, 14, 11, 'NORMAL'),
(1, 14, 12, 'NORMAL'),
(1, 14, 13, 'NORMAL'),
(1, 14, 14, 'NORMAL'),
(1, 14, 15, 'NORMAL'),
(1, 14, 16, 'NORMAL'),
(1, 14, 17, 'NORMAL'),
(1, 14, 18, 'MINUSVALIDOS'),
(1, 14, 19, 'MINUSVALIDOS'),
(2, 1, 1, 'NORMAL'),
(2, 1, 2, 'NORMAL'),
(2, 1, 3, 'NORMAL'),
(2, 1, 4, 'NORMAL'),
(2, 1, 5, 'NORMAL'),
(2, 1, 6, 'NORMAL'),
(2, 1, 7, 'NORMAL'),
(2, 1, 8, 'NORMAL'),
(2, 1, 9, 'NORMAL'),
(2, 1, 10, 'NORMAL'),
(2, 1, 11, 'NORMAL'),
(2, 1, 12, 'NORMAL'),
(2, 1, 13, 'NORMAL'),
(2, 1, 14, 'NORMAL'),
(2, 1, 15, 'NORMAL'),
(2, 1, 16, 'NORMAL'),
(2, 1, 17, 'NORMAL'),
(2, 1, 18, 'NORMAL'),
(2, 1, 19, 'NORMAL'),
(2, 2, 1, 'NORMAL'),
(2, 2, 2, 'NORMAL'),
(2, 2, 3, 'NORMAL'),
(2, 2, 4, 'NORMAL'),
(2, 2, 5, 'NORMAL'),
(2, 2, 6, 'NORMAL'),
(2, 2, 7, 'NORMAL'),
(2, 2, 8, 'NORMAL'),
(2, 2, 9, 'NORMAL'),
(2, 2, 10, 'NORMAL'),
(2, 2, 11, 'NORMAL'),
(2, 2, 12, 'NORMAL'),
(2, 2, 13, 'NORMAL'),
(2, 2, 14, 'NORMAL'),
(2, 2, 15, 'NORMAL'),
(2, 2, 16, 'NORMAL'),
(2, 2, 17, 'NORMAL'),
(2, 2, 18, 'NORMAL'),
(2, 2, 19, 'NORMAL'),
(2, 3, 1, 'NORMAL'),
(2, 3, 2, 'NORMAL'),
(2, 3, 3, 'NORMAL'),
(2, 3, 4, 'NORMAL'),
(2, 3, 5, 'NORMAL'),
(2, 3, 6, 'NORMAL'),
(2, 3, 7, 'NORMAL'),
(2, 3, 8, 'NORMAL'),
(2, 3, 9, 'NORMAL'),
(2, 3, 10, 'NORMAL'),
(2, 3, 11, 'NORMAL'),
(2, 3, 12, 'NORMAL'),
(2, 3, 13, 'NORMAL'),
(2, 3, 14, 'NORMAL'),
(2, 3, 15, 'NORMAL'),
(2, 3, 16, 'NORMAL'),
(2, 3, 17, 'NORMAL'),
(2, 3, 18, 'NORMAL'),
(2, 3, 19, 'NORMAL'),
(2, 4, 1, 'NORMAL'),
(2, 4, 2, 'NORMAL'),
(2, 4, 3, 'NORMAL'),
(2, 4, 4, 'NORMAL'),
(2, 4, 5, 'NORMAL'),
(2, 4, 6, 'NORMAL'),
(2, 4, 7, 'NORMAL'),
(2, 4, 8, 'NORMAL'),
(2, 4, 9, 'NORMAL'),
(2, 4, 10, 'NORMAL'),
(2, 4, 11, 'NORMAL'),
(2, 4, 12, 'NORMAL'),
(2, 4, 13, 'NORMAL'),
(2, 4, 14, 'NORMAL'),
(2, 4, 15, 'NORMAL'),
(2, 4, 16, 'NORMAL'),
(2, 4, 17, 'NORMAL'),
(2, 4, 18, 'NORMAL'),
(2, 4, 19, 'NORMAL'),
(2, 5, 1, 'NORMAL'),
(2, 5, 2, 'NORMAL'),
(2, 5, 3, 'NORMAL'),
(2, 5, 4, 'NORMAL'),
(2, 5, 5, 'NORMAL'),
(2, 5, 6, 'NORMAL'),
(2, 5, 7, 'NORMAL'),
(2, 5, 8, 'NORMAL'),
(2, 5, 9, 'NORMAL'),
(2, 5, 10, 'NORMAL'),
(2, 5, 11, 'NORMAL'),
(2, 5, 12, 'NORMAL'),
(2, 5, 13, 'NORMAL'),
(2, 5, 14, 'NORMAL'),
(2, 5, 15, 'NORMAL'),
(2, 5, 16, 'NORMAL'),
(2, 5, 17, 'NORMAL'),
(2, 5, 18, 'NORMAL'),
(2, 5, 19, 'NORMAL'),
(2, 6, 1, 'NORMAL'),
(2, 6, 2, 'NORMAL'),
(2, 6, 3, 'NORMAL'),
(2, 6, 4, 'NORMAL'),
(2, 6, 5, 'NORMAL'),
(2, 6, 6, 'NORMAL'),
(2, 6, 7, 'NORMAL'),
(2, 6, 8, 'NORMAL'),
(2, 6, 9, 'NORMAL'),
(2, 6, 10, 'NORMAL'),
(2, 6, 11, 'NORMAL'),
(2, 6, 12, 'NORMAL'),
(2, 6, 13, 'NORMAL'),
(2, 6, 14, 'NORMAL'),
(2, 6, 15, 'NORMAL'),
(2, 6, 16, 'NORMAL'),
(2, 6, 17, 'NORMAL'),
(2, 6, 18, 'NORMAL'),
(2, 6, 19, 'NORMAL'),
(2, 7, 1, 'NORMAL'),
(2, 7, 2, 'NORMAL'),
(2, 7, 3, 'NORMAL'),
(2, 7, 4, 'NORMAL'),
(2, 7, 5, 'NORMAL'),
(2, 7, 6, 'VIP'),
(2, 7, 7, 'VIP'),
(2, 7, 8, 'VIP'),
(2, 7, 9, 'VIP'),
(2, 7, 10, 'VIP'),
(2, 7, 11, 'VIP'),
(2, 7, 12, 'VIP'),
(2, 7, 13, 'VIP'),
(2, 7, 14, 'VIP'),
(2, 7, 15, 'NORMAL'),
(2, 7, 16, 'NORMAL'),
(2, 7, 17, 'NORMAL'),
(2, 7, 18, 'NORMAL'),
(2, 7, 19, 'NORMAL'),
(2, 8, 1, 'NORMAL'),
(2, 8, 2, 'NORMAL'),
(2, 8, 3, 'NORMAL'),
(2, 8, 4, 'NORMAL'),
(2, 8, 5, 'NORMAL'),
(2, 8, 6, 'VIP'),
(2, 8, 7, 'VIP'),
(2, 8, 8, 'VIP'),
(2, 8, 9, 'VIP'),
(2, 8, 10, 'VIP'),
(2, 8, 11, 'VIP'),
(2, 8, 12, 'VIP'),
(2, 8, 13, 'VIP'),
(2, 8, 14, 'VIP'),
(2, 8, 15, 'NORMAL'),
(2, 8, 16, 'NORMAL'),
(2, 8, 17, 'NORMAL'),
(2, 8, 18, 'NORMAL'),
(2, 8, 19, 'NORMAL'),
(2, 9, 1, 'NORMAL'),
(2, 9, 2, 'NORMAL'),
(2, 9, 3, 'NORMAL'),
(2, 9, 4, 'NORMAL'),
(2, 9, 5, 'NORMAL'),
(2, 9, 6, 'VIP'),
(2, 9, 7, 'VIP'),
(2, 9, 8, 'VIP'),
(2, 9, 9, 'VIP'),
(2, 9, 10, 'VIP'),
(2, 9, 11, 'VIP'),
(2, 9, 12, 'VIP'),
(2, 9, 13, 'VIP'),
(2, 9, 14, 'VIP'),
(2, 9, 15, 'NORMAL'),
(2, 9, 16, 'NORMAL'),
(2, 9, 17, 'NORMAL'),
(2, 9, 18, 'NORMAL'),
(2, 9, 19, 'NORMAL'),
(2, 10, 1, 'NORMAL'),
(2, 10, 2, 'NORMAL'),
(2, 10, 3, 'NORMAL'),
(2, 10, 4, 'NORMAL'),
(2, 10, 5, 'NORMAL'),
(2, 10, 6, 'NORMAL'),
(2, 10, 7, 'NORMAL'),
(2, 10, 8, 'NORMAL'),
(2, 10, 9, 'NORMAL'),
(2, 10, 10, 'NORMAL'),
(2, 10, 11, 'NORMAL'),
(2, 10, 12, 'NORMAL'),
(2, 10, 13, 'NORMAL'),
(2, 10, 14, 'NORMAL'),
(2, 10, 15, 'NORMAL'),
(2, 10, 16, 'NORMAL'),
(2, 10, 17, 'NORMAL'),
(2, 10, 18, 'NORMAL'),
(2, 10, 19, 'NORMAL'),
(2, 11, 1, 'NORMAL'),
(2, 11, 2, 'NORMAL'),
(2, 11, 3, 'NORMAL'),
(2, 11, 4, 'NORMAL'),
(2, 11, 5, 'NORMAL'),
(2, 11, 6, 'NORMAL'),
(2, 11, 7, 'NORMAL'),
(2, 11, 8, 'NORMAL'),
(2, 11, 9, 'NORMAL'),
(2, 11, 10, 'NORMAL'),
(2, 11, 11, 'NORMAL'),
(2, 11, 12, 'NORMAL'),
(2, 11, 13, 'NORMAL'),
(2, 11, 14, 'NORMAL'),
(2, 11, 15, 'NORMAL'),
(2, 11, 16, 'NORMAL'),
(2, 11, 17, 'NORMAL'),
(2, 11, 18, 'NORMAL'),
(2, 11, 19, 'NORMAL'),
(2, 12, 1, 'NORMAL'),
(2, 12, 2, 'NORMAL'),
(2, 12, 3, 'NORMAL'),
(2, 12, 4, 'NORMAL'),
(2, 12, 5, 'NORMAL'),
(2, 12, 6, 'NORMAL'),
(2, 12, 7, 'NORMAL'),
(2, 12, 8, 'NORMAL'),
(2, 12, 9, 'NORMAL'),
(2, 12, 10, 'NORMAL'),
(2, 12, 11, 'NORMAL'),
(2, 12, 12, 'NORMAL'),
(2, 12, 13, 'NORMAL'),
(2, 12, 14, 'NORMAL'),
(2, 12, 15, 'NORMAL'),
(2, 12, 16, 'NORMAL'),
(2, 12, 17, 'NORMAL'),
(2, 12, 18, 'NORMAL'),
(2, 12, 19, 'NORMAL'),
(2, 13, 1, 'NORMAL'),
(2, 13, 2, 'NORMAL'),
(2, 13, 3, 'NORMAL'),
(2, 13, 4, 'NORMAL'),
(2, 13, 5, 'NORMAL'),
(2, 13, 6, 'NORMAL'),
(2, 13, 7, 'NORMAL'),
(2, 13, 8, 'NORMAL'),
(2, 13, 9, 'NORMAL'),
(2, 13, 10, 'NORMAL'),
(2, 13, 11, 'NORMAL'),
(2, 13, 12, 'NORMAL'),
(2, 13, 13, 'NORMAL'),
(2, 13, 14, 'NORMAL'),
(2, 13, 15, 'NORMAL'),
(2, 13, 16, 'NORMAL'),
(2, 13, 17, 'NORMAL'),
(2, 13, 18, 'NORMAL'),
(2, 13, 19, 'NORMAL'),
(2, 14, 1, 'MINUSVALIDOS'),
(2, 14, 2, 'MINUSVALIDOS'),
(2, 14, 3, 'NORMAL'),
(2, 14, 4, 'NORMAL'),
(2, 14, 5, 'NORMAL'),
(2, 14, 6, 'NORMAL'),
(2, 14, 7, 'NORMAL'),
(2, 14, 8, 'NORMAL'),
(2, 14, 9, 'MINUSVALIDOS'),
(2, 14, 10, 'NORMAL'),
(2, 14, 11, 'NORMAL'),
(2, 14, 12, 'NORMAL'),
(2, 14, 13, 'NORMAL'),
(2, 14, 14, 'NORMAL'),
(2, 14, 15, 'NORMAL'),
(2, 14, 16, 'NORMAL'),
(2, 14, 17, 'NORMAL'),
(2, 14, 18, 'MINUSVALIDOS'),
(2, 14, 19, 'MINUSVALIDOS'),
(3, 1, 1, 'NORMAL'),
(3, 1, 2, 'NORMAL'),
(3, 1, 3, 'NORMAL'),
(3, 1, 4, 'NORMAL'),
(3, 1, 5, 'NORMAL'),
(3, 1, 6, 'NORMAL'),
(3, 1, 7, 'NORMAL'),
(3, 1, 8, 'NORMAL'),
(3, 1, 9, 'NORMAL'),
(3, 1, 10, 'NORMAL'),
(3, 1, 11, 'NORMAL'),
(3, 1, 12, 'NORMAL'),
(3, 1, 13, 'NORMAL'),
(3, 1, 14, 'NORMAL'),
(3, 1, 15, 'NORMAL'),
(3, 1, 16, 'NORMAL'),
(3, 1, 17, 'NORMAL'),
(3, 1, 18, 'NORMAL'),
(3, 1, 19, 'NORMAL'),
(3, 2, 1, 'NORMAL'),
(3, 2, 2, 'NORMAL'),
(3, 2, 3, 'NORMAL'),
(3, 2, 4, 'NORMAL'),
(3, 2, 5, 'NORMAL'),
(3, 2, 6, 'NORMAL'),
(3, 2, 7, 'NORMAL'),
(3, 2, 8, 'NORMAL'),
(3, 2, 9, 'NORMAL'),
(3, 2, 10, 'NORMAL'),
(3, 2, 11, 'NORMAL'),
(3, 2, 12, 'NORMAL'),
(3, 2, 13, 'NORMAL'),
(3, 2, 14, 'NORMAL'),
(3, 2, 15, 'NORMAL'),
(3, 2, 16, 'NORMAL'),
(3, 2, 17, 'NORMAL'),
(3, 2, 18, 'NORMAL'),
(3, 2, 19, 'NORMAL'),
(3, 3, 1, 'NORMAL'),
(3, 3, 2, 'NORMAL'),
(3, 3, 3, 'NORMAL'),
(3, 3, 4, 'NORMAL'),
(3, 3, 5, 'NORMAL'),
(3, 3, 6, 'NORMAL'),
(3, 3, 7, 'NORMAL'),
(3, 3, 8, 'NORMAL'),
(3, 3, 9, 'NORMAL'),
(3, 3, 10, 'NORMAL'),
(3, 3, 11, 'NORMAL'),
(3, 3, 12, 'NORMAL'),
(3, 3, 13, 'NORMAL'),
(3, 3, 14, 'NORMAL'),
(3, 3, 15, 'NORMAL'),
(3, 3, 16, 'NORMAL'),
(3, 3, 17, 'NORMAL'),
(3, 3, 18, 'NORMAL'),
(3, 3, 19, 'NORMAL'),
(3, 4, 1, 'NORMAL'),
(3, 4, 2, 'NORMAL'),
(3, 4, 3, 'NORMAL'),
(3, 4, 4, 'NORMAL'),
(3, 4, 5, 'NORMAL'),
(3, 4, 6, 'NORMAL'),
(3, 4, 7, 'NORMAL'),
(3, 4, 8, 'NORMAL'),
(3, 4, 9, 'NORMAL'),
(3, 4, 10, 'NORMAL'),
(3, 4, 11, 'NORMAL'),
(3, 4, 12, 'NORMAL'),
(3, 4, 13, 'NORMAL'),
(3, 4, 14, 'NORMAL'),
(3, 4, 15, 'NORMAL'),
(3, 4, 16, 'NORMAL'),
(3, 4, 17, 'NORMAL'),
(3, 4, 18, 'NORMAL'),
(3, 4, 19, 'NORMAL'),
(3, 5, 1, 'NORMAL'),
(3, 5, 2, 'NORMAL'),
(3, 5, 3, 'NORMAL'),
(3, 5, 4, 'NORMAL'),
(3, 5, 5, 'NORMAL'),
(3, 5, 6, 'NORMAL'),
(3, 5, 7, 'NORMAL'),
(3, 5, 8, 'NORMAL'),
(3, 5, 9, 'NORMAL'),
(3, 5, 10, 'NORMAL'),
(3, 5, 11, 'NORMAL'),
(3, 5, 12, 'NORMAL'),
(3, 5, 13, 'NORMAL'),
(3, 5, 14, 'NORMAL'),
(3, 5, 15, 'NORMAL'),
(3, 5, 16, 'NORMAL'),
(3, 5, 17, 'NORMAL'),
(3, 5, 18, 'NORMAL'),
(3, 5, 19, 'NORMAL'),
(3, 6, 1, 'NORMAL'),
(3, 6, 2, 'NORMAL'),
(3, 6, 3, 'NORMAL'),
(3, 6, 4, 'NORMAL'),
(3, 6, 5, 'NORMAL'),
(3, 6, 6, 'NORMAL'),
(3, 6, 7, 'NORMAL'),
(3, 6, 8, 'NORMAL'),
(3, 6, 9, 'NORMAL'),
(3, 6, 10, 'NORMAL'),
(3, 6, 11, 'NORMAL'),
(3, 6, 12, 'NORMAL'),
(3, 6, 13, 'NORMAL'),
(3, 6, 14, 'NORMAL'),
(3, 6, 15, 'NORMAL'),
(3, 6, 16, 'NORMAL'),
(3, 6, 17, 'NORMAL'),
(3, 6, 18, 'NORMAL'),
(3, 6, 19, 'NORMAL'),
(3, 7, 1, 'NORMAL'),
(3, 7, 2, 'NORMAL'),
(3, 7, 3, 'NORMAL'),
(3, 7, 4, 'NORMAL'),
(3, 7, 5, 'NORMAL'),
(3, 7, 6, 'VIP'),
(3, 7, 7, 'VIP'),
(3, 7, 8, 'VIP'),
(3, 7, 9, 'VIP'),
(3, 7, 10, 'VIP'),
(3, 7, 11, 'VIP'),
(3, 7, 12, 'VIP'),
(3, 7, 13, 'VIP'),
(3, 7, 14, 'VIP'),
(3, 7, 15, 'NORMAL'),
(3, 7, 16, 'NORMAL'),
(3, 7, 17, 'NORMAL'),
(3, 7, 18, 'NORMAL'),
(3, 7, 19, 'NORMAL'),
(3, 8, 1, 'NORMAL'),
(3, 8, 2, 'NORMAL'),
(3, 8, 3, 'NORMAL'),
(3, 8, 4, 'NORMAL'),
(3, 8, 5, 'NORMAL'),
(3, 8, 6, 'VIP'),
(3, 8, 7, 'VIP'),
(3, 8, 8, 'VIP'),
(3, 8, 9, 'VIP'),
(3, 8, 10, 'VIP'),
(3, 8, 11, 'VIP'),
(3, 8, 12, 'VIP'),
(3, 8, 13, 'VIP'),
(3, 8, 14, 'VIP'),
(3, 8, 15, 'NORMAL'),
(3, 8, 16, 'NORMAL'),
(3, 8, 17, 'NORMAL'),
(3, 8, 18, 'NORMAL'),
(3, 8, 19, 'NORMAL'),
(3, 9, 1, 'NORMAL'),
(3, 9, 2, 'NORMAL'),
(3, 9, 3, 'NORMAL'),
(3, 9, 4, 'NORMAL'),
(3, 9, 5, 'NORMAL'),
(3, 9, 6, 'VIP'),
(3, 9, 7, 'VIP'),
(3, 9, 8, 'VIP'),
(3, 9, 9, 'VIP'),
(3, 9, 10, 'VIP'),
(3, 9, 11, 'VIP'),
(3, 9, 12, 'VIP'),
(3, 9, 13, 'VIP'),
(3, 9, 14, 'VIP'),
(3, 9, 15, 'NORMAL'),
(3, 9, 16, 'NORMAL'),
(3, 9, 17, 'NORMAL'),
(3, 9, 18, 'NORMAL'),
(3, 9, 19, 'NORMAL'),
(3, 10, 1, 'NORMAL'),
(3, 10, 2, 'NORMAL'),
(3, 10, 3, 'NORMAL'),
(3, 10, 4, 'NORMAL'),
(3, 10, 5, 'NORMAL'),
(3, 10, 6, 'NORMAL'),
(3, 10, 7, 'NORMAL'),
(3, 10, 8, 'NORMAL'),
(3, 10, 9, 'NORMAL'),
(3, 10, 10, 'NORMAL'),
(3, 10, 11, 'NORMAL'),
(3, 10, 12, 'NORMAL'),
(3, 10, 13, 'NORMAL'),
(3, 10, 14, 'NORMAL'),
(3, 10, 15, 'NORMAL'),
(3, 10, 16, 'NORMAL'),
(3, 10, 17, 'NORMAL'),
(3, 10, 18, 'NORMAL'),
(3, 10, 19, 'NORMAL'),
(3, 11, 1, 'NORMAL'),
(3, 11, 2, 'NORMAL'),
(3, 11, 3, 'NORMAL'),
(3, 11, 4, 'NORMAL'),
(3, 11, 5, 'NORMAL'),
(3, 11, 6, 'NORMAL'),
(3, 11, 7, 'NORMAL'),
(3, 11, 8, 'NORMAL'),
(3, 11, 9, 'NORMAL'),
(3, 11, 10, 'NORMAL'),
(3, 11, 11, 'NORMAL'),
(3, 11, 12, 'NORMAL'),
(3, 11, 13, 'NORMAL'),
(3, 11, 14, 'NORMAL'),
(3, 11, 15, 'NORMAL'),
(3, 11, 16, 'NORMAL'),
(3, 11, 17, 'NORMAL'),
(3, 11, 18, 'NORMAL'),
(3, 11, 19, 'NORMAL'),
(3, 12, 1, 'NORMAL'),
(3, 12, 2, 'NORMAL'),
(3, 12, 3, 'NORMAL'),
(3, 12, 4, 'NORMAL'),
(3, 12, 5, 'NORMAL'),
(3, 12, 6, 'NORMAL'),
(3, 12, 7, 'NORMAL'),
(3, 12, 8, 'NORMAL'),
(3, 12, 9, 'NORMAL'),
(3, 12, 10, 'NORMAL'),
(3, 12, 11, 'NORMAL'),
(3, 12, 12, 'NORMAL'),
(3, 12, 13, 'NORMAL'),
(3, 12, 14, 'NORMAL'),
(3, 12, 15, 'NORMAL'),
(3, 12, 16, 'NORMAL'),
(3, 12, 17, 'NORMAL'),
(3, 12, 18, 'NORMAL'),
(3, 12, 19, 'NORMAL'),
(3, 13, 1, 'NORMAL'),
(3, 13, 2, 'NORMAL'),
(3, 13, 3, 'NORMAL'),
(3, 13, 4, 'NORMAL'),
(3, 13, 5, 'NORMAL'),
(3, 13, 6, 'NORMAL'),
(3, 13, 7, 'NORMAL'),
(3, 13, 8, 'NORMAL'),
(3, 13, 9, 'NORMAL'),
(3, 13, 10, 'NORMAL'),
(3, 13, 11, 'NORMAL'),
(3, 13, 12, 'NORMAL'),
(3, 13, 13, 'NORMAL'),
(3, 13, 14, 'NORMAL'),
(3, 13, 15, 'NORMAL'),
(3, 13, 16, 'NORMAL'),
(3, 13, 17, 'NORMAL'),
(3, 13, 18, 'NORMAL'),
(3, 13, 19, 'NORMAL'),
(3, 14, 1, 'MINUSVALIDOS'),
(3, 14, 2, 'MINUSVALIDOS'),
(3, 14, 3, 'NORMAL'),
(3, 14, 4, 'NORMAL'),
(3, 14, 5, 'NORMAL'),
(3, 14, 6, 'NORMAL'),
(3, 14, 7, 'NORMAL'),
(3, 14, 8, 'NORMAL'),
(3, 14, 9, 'MINUSVALIDOS'),
(3, 14, 10, 'NORMAL'),
(3, 14, 11, 'NORMAL'),
(3, 14, 12, 'NORMAL'),
(3, 14, 13, 'NORMAL'),
(3, 14, 14, 'NORMAL'),
(3, 14, 15, 'NORMAL'),
(3, 14, 16, 'NORMAL'),
(3, 14, 17, 'NORMAL'),
(3, 14, 18, 'MINUSVALIDOS'),
(3, 14, 19, 'MINUSVALIDOS'),
(4, 1, 1, 'NORMAL'),
(4, 1, 2, 'NORMAL'),
(4, 1, 3, 'NORMAL'),
(4, 1, 4, 'NORMAL'),
(4, 1, 5, 'NORMAL'),
(4, 1, 6, 'NORMAL'),
(4, 1, 7, 'NORMAL'),
(4, 1, 8, 'NORMAL'),
(4, 1, 9, 'NORMAL'),
(4, 1, 10, 'NORMAL'),
(4, 1, 11, 'NORMAL'),
(4, 1, 12, 'NORMAL'),
(4, 1, 13, 'NORMAL'),
(4, 1, 14, 'NORMAL'),
(4, 1, 15, 'NORMAL'),
(4, 1, 16, 'NORMAL'),
(4, 1, 17, 'NORMAL'),
(4, 1, 18, 'NORMAL'),
(4, 1, 19, 'NORMAL'),
(4, 2, 1, 'NORMAL'),
(4, 2, 2, 'NORMAL'),
(4, 2, 3, 'NORMAL'),
(4, 2, 4, 'NORMAL'),
(4, 2, 5, 'NORMAL'),
(4, 2, 6, 'NORMAL'),
(4, 2, 7, 'NORMAL'),
(4, 2, 8, 'NORMAL'),
(4, 2, 9, 'NORMAL'),
(4, 2, 10, 'NORMAL'),
(4, 2, 11, 'NORMAL'),
(4, 2, 12, 'NORMAL'),
(4, 2, 13, 'NORMAL'),
(4, 2, 14, 'NORMAL'),
(4, 2, 15, 'NORMAL'),
(4, 2, 16, 'NORMAL'),
(4, 2, 17, 'NORMAL'),
(4, 2, 18, 'NORMAL'),
(4, 2, 19, 'NORMAL'),
(4, 3, 1, 'NORMAL'),
(4, 3, 2, 'NORMAL'),
(4, 3, 3, 'NORMAL'),
(4, 3, 4, 'NORMAL'),
(4, 3, 5, 'NORMAL'),
(4, 3, 6, 'NORMAL'),
(4, 3, 7, 'NORMAL'),
(4, 3, 8, 'NORMAL'),
(4, 3, 9, 'NORMAL'),
(4, 3, 10, 'NORMAL'),
(4, 3, 11, 'NORMAL'),
(4, 3, 12, 'NORMAL'),
(4, 3, 13, 'NORMAL'),
(4, 3, 14, 'NORMAL'),
(4, 3, 15, 'NORMAL'),
(4, 3, 16, 'NORMAL'),
(4, 3, 17, 'NORMAL'),
(4, 3, 18, 'NORMAL'),
(4, 3, 19, 'NORMAL'),
(4, 4, 1, 'NORMAL'),
(4, 4, 2, 'NORMAL'),
(4, 4, 3, 'NORMAL'),
(4, 4, 4, 'NORMAL'),
(4, 4, 5, 'NORMAL'),
(4, 4, 6, 'NORMAL'),
(4, 4, 7, 'NORMAL'),
(4, 4, 8, 'NORMAL'),
(4, 4, 9, 'NORMAL'),
(4, 4, 10, 'NORMAL'),
(4, 4, 11, 'NORMAL'),
(4, 4, 12, 'NORMAL'),
(4, 4, 13, 'NORMAL'),
(4, 4, 14, 'NORMAL'),
(4, 4, 15, 'NORMAL'),
(4, 4, 16, 'NORMAL'),
(4, 4, 17, 'NORMAL'),
(4, 4, 18, 'NORMAL'),
(4, 4, 19, 'NORMAL'),
(4, 5, 1, 'NORMAL'),
(4, 5, 2, 'NORMAL'),
(4, 5, 3, 'NORMAL'),
(4, 5, 4, 'NORMAL'),
(4, 5, 5, 'NORMAL'),
(4, 5, 6, 'NORMAL'),
(4, 5, 7, 'NORMAL'),
(4, 5, 8, 'NORMAL'),
(4, 5, 9, 'NORMAL'),
(4, 5, 10, 'NORMAL'),
(4, 5, 11, 'NORMAL'),
(4, 5, 12, 'NORMAL'),
(4, 5, 13, 'NORMAL'),
(4, 5, 14, 'NORMAL'),
(4, 5, 15, 'NORMAL'),
(4, 5, 16, 'NORMAL'),
(4, 5, 17, 'NORMAL'),
(4, 5, 18, 'NORMAL'),
(4, 5, 19, 'NORMAL'),
(4, 6, 1, 'NORMAL'),
(4, 6, 2, 'NORMAL'),
(4, 6, 3, 'NORMAL'),
(4, 6, 4, 'NORMAL'),
(4, 6, 5, 'NORMAL'),
(4, 6, 6, 'NORMAL'),
(4, 6, 7, 'NORMAL'),
(4, 6, 8, 'NORMAL'),
(4, 6, 9, 'NORMAL'),
(4, 6, 10, 'NORMAL'),
(4, 6, 11, 'NORMAL'),
(4, 6, 12, 'NORMAL'),
(4, 6, 13, 'NORMAL'),
(4, 6, 14, 'NORMAL'),
(4, 6, 15, 'NORMAL'),
(4, 6, 16, 'NORMAL'),
(4, 6, 17, 'NORMAL'),
(4, 6, 18, 'NORMAL'),
(4, 6, 19, 'NORMAL'),
(4, 7, 1, 'NORMAL'),
(4, 7, 2, 'NORMAL'),
(4, 7, 3, 'NORMAL'),
(4, 7, 4, 'NORMAL'),
(4, 7, 5, 'NORMAL'),
(4, 7, 6, 'VIP'),
(4, 7, 7, 'VIP'),
(4, 7, 8, 'VIP'),
(4, 7, 9, 'VIP'),
(4, 7, 10, 'VIP'),
(4, 7, 11, 'VIP'),
(4, 7, 12, 'VIP'),
(4, 7, 13, 'VIP'),
(4, 7, 14, 'VIP'),
(4, 7, 15, 'NORMAL'),
(4, 7, 16, 'NORMAL'),
(4, 7, 17, 'NORMAL'),
(4, 7, 18, 'NORMAL'),
(4, 7, 19, 'NORMAL'),
(4, 8, 1, 'NORMAL'),
(4, 8, 2, 'NORMAL'),
(4, 8, 3, 'NORMAL'),
(4, 8, 4, 'NORMAL'),
(4, 8, 5, 'NORMAL'),
(4, 8, 6, 'VIP'),
(4, 8, 7, 'VIP'),
(4, 8, 8, 'VIP'),
(4, 8, 9, 'VIP'),
(4, 8, 10, 'VIP'),
(4, 8, 11, 'VIP'),
(4, 8, 12, 'VIP'),
(4, 8, 13, 'VIP'),
(4, 8, 14, 'VIP'),
(4, 8, 15, 'NORMAL'),
(4, 8, 16, 'NORMAL'),
(4, 8, 17, 'NORMAL'),
(4, 8, 18, 'NORMAL'),
(4, 8, 19, 'NORMAL'),
(4, 9, 1, 'NORMAL'),
(4, 9, 2, 'NORMAL'),
(4, 9, 3, 'NORMAL'),
(4, 9, 4, 'NORMAL'),
(4, 9, 5, 'NORMAL'),
(4, 9, 6, 'VIP'),
(4, 9, 7, 'VIP'),
(4, 9, 8, 'VIP'),
(4, 9, 9, 'VIP'),
(4, 9, 10, 'VIP'),
(4, 9, 11, 'VIP'),
(4, 9, 12, 'VIP'),
(4, 9, 13, 'VIP'),
(4, 9, 14, 'VIP'),
(4, 9, 15, 'NORMAL'),
(4, 9, 16, 'NORMAL'),
(4, 9, 17, 'NORMAL'),
(4, 9, 18, 'NORMAL'),
(4, 9, 19, 'NORMAL'),
(4, 10, 1, 'NORMAL'),
(4, 10, 2, 'NORMAL'),
(4, 10, 3, 'NORMAL'),
(4, 10, 4, 'NORMAL'),
(4, 10, 5, 'NORMAL'),
(4, 10, 6, 'NORMAL'),
(4, 10, 7, 'NORMAL'),
(4, 10, 8, 'NORMAL'),
(4, 10, 9, 'NORMAL'),
(4, 10, 10, 'NORMAL'),
(4, 10, 11, 'NORMAL'),
(4, 10, 12, 'NORMAL'),
(4, 10, 13, 'NORMAL'),
(4, 10, 14, 'NORMAL'),
(4, 10, 15, 'NORMAL'),
(4, 10, 16, 'NORMAL'),
(4, 10, 17, 'NORMAL'),
(4, 10, 18, 'NORMAL'),
(4, 10, 19, 'NORMAL'),
(4, 11, 1, 'NORMAL'),
(4, 11, 2, 'NORMAL'),
(4, 11, 3, 'NORMAL'),
(4, 11, 4, 'NORMAL'),
(4, 11, 5, 'NORMAL'),
(4, 11, 6, 'NORMAL'),
(4, 11, 7, 'NORMAL'),
(4, 11, 8, 'NORMAL'),
(4, 11, 9, 'NORMAL'),
(4, 11, 10, 'NORMAL'),
(4, 11, 11, 'NORMAL'),
(4, 11, 12, 'NORMAL'),
(4, 11, 13, 'NORMAL'),
(4, 11, 14, 'NORMAL'),
(4, 11, 15, 'NORMAL'),
(4, 11, 16, 'NORMAL'),
(4, 11, 17, 'NORMAL'),
(4, 11, 18, 'NORMAL'),
(4, 11, 19, 'NORMAL'),
(4, 12, 1, 'NORMAL'),
(4, 12, 2, 'NORMAL'),
(4, 12, 3, 'NORMAL'),
(4, 12, 4, 'NORMAL'),
(4, 12, 5, 'NORMAL'),
(4, 12, 6, 'NORMAL'),
(4, 12, 7, 'NORMAL'),
(4, 12, 8, 'NORMAL'),
(4, 12, 9, 'NORMAL'),
(4, 12, 10, 'NORMAL'),
(4, 12, 11, 'NORMAL'),
(4, 12, 12, 'NORMAL'),
(4, 12, 13, 'NORMAL'),
(4, 12, 14, 'NORMAL'),
(4, 12, 15, 'NORMAL'),
(4, 12, 16, 'NORMAL'),
(4, 12, 17, 'NORMAL'),
(4, 12, 18, 'NORMAL'),
(4, 12, 19, 'NORMAL'),
(4, 13, 1, 'NORMAL'),
(4, 13, 2, 'NORMAL'),
(4, 13, 3, 'NORMAL'),
(4, 13, 4, 'NORMAL'),
(4, 13, 5, 'NORMAL'),
(4, 13, 6, 'NORMAL'),
(4, 13, 7, 'NORMAL'),
(4, 13, 8, 'NORMAL'),
(4, 13, 9, 'NORMAL'),
(4, 13, 10, 'NORMAL'),
(4, 13, 11, 'NORMAL'),
(4, 13, 12, 'NORMAL'),
(4, 13, 13, 'NORMAL'),
(4, 13, 14, 'NORMAL'),
(4, 13, 15, 'NORMAL'),
(4, 13, 16, 'NORMAL'),
(4, 13, 17, 'NORMAL'),
(4, 13, 18, 'NORMAL'),
(4, 13, 19, 'NORMAL'),
(4, 14, 1, 'MINUSVALIDOS'),
(4, 14, 2, 'MINUSVALIDOS'),
(4, 14, 3, 'NORMAL'),
(4, 14, 4, 'NORMAL'),
(4, 14, 5, 'NORMAL'),
(4, 14, 6, 'NORMAL'),
(4, 14, 7, 'NORMAL'),
(4, 14, 8, 'NORMAL'),
(4, 14, 9, 'MINUSVALIDOS'),
(4, 14, 10, 'NORMAL'),
(4, 14, 11, 'NORMAL'),
(4, 14, 12, 'NORMAL'),
(4, 14, 13, 'NORMAL'),
(4, 14, 14, 'NORMAL'),
(4, 14, 15, 'NORMAL'),
(4, 14, 16, 'NORMAL'),
(4, 14, 17, 'NORMAL'),
(4, 14, 18, 'MINUSVALIDOS'),
(4, 14, 19, 'MINUSVALIDOS'),
(5, 1, 1, 'NORMAL'),
(5, 1, 2, 'NORMAL'),
(5, 1, 3, 'NORMAL'),
(5, 1, 4, 'NORMAL'),
(5, 1, 5, 'NORMAL'),
(5, 1, 6, 'NORMAL'),
(5, 1, 7, 'NORMAL'),
(5, 1, 8, 'NORMAL'),
(5, 1, 9, 'NORMAL'),
(5, 1, 10, 'NORMAL'),
(5, 1, 11, 'NORMAL'),
(5, 1, 12, 'NORMAL'),
(5, 1, 13, 'NORMAL'),
(5, 1, 14, 'NORMAL'),
(5, 1, 15, 'NORMAL'),
(5, 1, 16, 'NORMAL'),
(5, 1, 17, 'NORMAL'),
(5, 1, 18, 'NORMAL'),
(5, 1, 19, 'NORMAL'),
(5, 2, 1, 'NORMAL'),
(5, 2, 2, 'NORMAL'),
(5, 2, 3, 'NORMAL'),
(5, 2, 4, 'NORMAL'),
(5, 2, 5, 'NORMAL'),
(5, 2, 6, 'NORMAL'),
(5, 2, 7, 'NORMAL'),
(5, 2, 8, 'NORMAL'),
(5, 2, 9, 'NORMAL'),
(5, 2, 10, 'NORMAL'),
(5, 2, 11, 'NORMAL'),
(5, 2, 12, 'NORMAL'),
(5, 2, 13, 'NORMAL'),
(5, 2, 14, 'NORMAL'),
(5, 2, 15, 'NORMAL'),
(5, 2, 16, 'NORMAL'),
(5, 2, 17, 'NORMAL'),
(5, 2, 18, 'NORMAL'),
(5, 2, 19, 'NORMAL'),
(5, 3, 1, 'NORMAL'),
(5, 3, 2, 'NORMAL'),
(5, 3, 3, 'NORMAL'),
(5, 3, 4, 'NORMAL'),
(5, 3, 5, 'NORMAL'),
(5, 3, 6, 'NORMAL'),
(5, 3, 7, 'NORMAL'),
(5, 3, 8, 'NORMAL'),
(5, 3, 9, 'NORMAL'),
(5, 3, 10, 'NORMAL'),
(5, 3, 11, 'NORMAL'),
(5, 3, 12, 'NORMAL'),
(5, 3, 13, 'NORMAL'),
(5, 3, 14, 'NORMAL'),
(5, 3, 15, 'NORMAL'),
(5, 3, 16, 'NORMAL'),
(5, 3, 17, 'NORMAL'),
(5, 3, 18, 'NORMAL'),
(5, 3, 19, 'NORMAL'),
(5, 4, 1, 'NORMAL'),
(5, 4, 2, 'NORMAL'),
(5, 4, 3, 'NORMAL'),
(5, 4, 4, 'NORMAL'),
(5, 4, 5, 'NORMAL'),
(5, 4, 6, 'NORMAL'),
(5, 4, 7, 'NORMAL'),
(5, 4, 8, 'NORMAL'),
(5, 4, 9, 'NORMAL'),
(5, 4, 10, 'NORMAL'),
(5, 4, 11, 'NORMAL'),
(5, 4, 12, 'NORMAL'),
(5, 4, 13, 'NORMAL'),
(5, 4, 14, 'NORMAL'),
(5, 4, 15, 'NORMAL'),
(5, 4, 16, 'NORMAL'),
(5, 4, 17, 'NORMAL'),
(5, 4, 18, 'NORMAL'),
(5, 4, 19, 'NORMAL'),
(5, 5, 1, 'NORMAL'),
(5, 5, 2, 'NORMAL'),
(5, 5, 3, 'NORMAL'),
(5, 5, 4, 'NORMAL'),
(5, 5, 5, 'NORMAL'),
(5, 5, 6, 'NORMAL'),
(5, 5, 7, 'NORMAL'),
(5, 5, 8, 'NORMAL'),
(5, 5, 9, 'NORMAL'),
(5, 5, 10, 'NORMAL'),
(5, 5, 11, 'NORMAL'),
(5, 5, 12, 'NORMAL'),
(5, 5, 13, 'NORMAL'),
(5, 5, 14, 'NORMAL'),
(5, 5, 15, 'NORMAL'),
(5, 5, 16, 'NORMAL'),
(5, 5, 17, 'NORMAL'),
(5, 5, 18, 'NORMAL'),
(5, 5, 19, 'NORMAL'),
(5, 6, 1, 'NORMAL'),
(5, 6, 2, 'NORMAL'),
(5, 6, 3, 'NORMAL'),
(5, 6, 4, 'NORMAL'),
(5, 6, 5, 'NORMAL'),
(5, 6, 6, 'NORMAL'),
(5, 6, 7, 'NORMAL'),
(5, 6, 8, 'NORMAL'),
(5, 6, 9, 'NORMAL'),
(5, 6, 10, 'NORMAL'),
(5, 6, 11, 'NORMAL'),
(5, 6, 12, 'NORMAL'),
(5, 6, 13, 'NORMAL'),
(5, 6, 14, 'NORMAL'),
(5, 6, 15, 'NORMAL'),
(5, 6, 16, 'NORMAL'),
(5, 6, 17, 'NORMAL'),
(5, 6, 18, 'NORMAL'),
(5, 6, 19, 'NORMAL'),
(5, 7, 1, 'NORMAL'),
(5, 7, 2, 'NORMAL'),
(5, 7, 3, 'NORMAL'),
(5, 7, 4, 'NORMAL'),
(5, 7, 5, 'NORMAL'),
(5, 7, 6, 'VIP'),
(5, 7, 7, 'VIP'),
(5, 7, 8, 'VIP'),
(5, 7, 9, 'VIP'),
(5, 7, 10, 'VIP'),
(5, 7, 11, 'VIP'),
(5, 7, 12, 'VIP'),
(5, 7, 13, 'VIP'),
(5, 7, 14, 'VIP'),
(5, 7, 15, 'NORMAL'),
(5, 7, 16, 'NORMAL'),
(5, 7, 17, 'NORMAL'),
(5, 7, 18, 'NORMAL'),
(5, 7, 19, 'NORMAL'),
(5, 8, 1, 'NORMAL'),
(5, 8, 2, 'NORMAL'),
(5, 8, 3, 'NORMAL'),
(5, 8, 4, 'NORMAL'),
(5, 8, 5, 'NORMAL'),
(5, 8, 6, 'VIP'),
(5, 8, 7, 'VIP'),
(5, 8, 8, 'VIP'),
(5, 8, 9, 'VIP'),
(5, 8, 10, 'VIP'),
(5, 8, 11, 'VIP'),
(5, 8, 12, 'VIP'),
(5, 8, 13, 'VIP'),
(5, 8, 14, 'VIP'),
(5, 8, 15, 'NORMAL'),
(5, 8, 16, 'NORMAL'),
(5, 8, 17, 'NORMAL'),
(5, 8, 18, 'NORMAL'),
(5, 8, 19, 'NORMAL'),
(5, 9, 1, 'NORMAL'),
(5, 9, 2, 'NORMAL'),
(5, 9, 3, 'NORMAL'),
(5, 9, 4, 'NORMAL'),
(5, 9, 5, 'NORMAL'),
(5, 9, 6, 'VIP'),
(5, 9, 7, 'VIP'),
(5, 9, 8, 'VIP'),
(5, 9, 9, 'VIP'),
(5, 9, 10, 'VIP'),
(5, 9, 11, 'VIP'),
(5, 9, 12, 'VIP'),
(5, 9, 13, 'VIP'),
(5, 9, 14, 'VIP'),
(5, 9, 15, 'NORMAL'),
(5, 9, 16, 'NORMAL'),
(5, 9, 17, 'NORMAL'),
(5, 9, 18, 'NORMAL'),
(5, 9, 19, 'NORMAL'),
(5, 10, 1, 'NORMAL'),
(5, 10, 2, 'NORMAL'),
(5, 10, 3, 'NORMAL'),
(5, 10, 4, 'NORMAL'),
(5, 10, 5, 'NORMAL'),
(5, 10, 6, 'NORMAL'),
(5, 10, 7, 'NORMAL'),
(5, 10, 8, 'NORMAL'),
(5, 10, 9, 'NORMAL'),
(5, 10, 10, 'NORMAL'),
(5, 10, 11, 'NORMAL'),
(5, 10, 12, 'NORMAL'),
(5, 10, 13, 'NORMAL'),
(5, 10, 14, 'NORMAL'),
(5, 10, 15, 'NORMAL'),
(5, 10, 16, 'NORMAL'),
(5, 10, 17, 'NORMAL'),
(5, 10, 18, 'NORMAL'),
(5, 10, 19, 'NORMAL'),
(5, 11, 1, 'NORMAL'),
(5, 11, 2, 'NORMAL'),
(5, 11, 3, 'NORMAL'),
(5, 11, 4, 'NORMAL'),
(5, 11, 5, 'NORMAL'),
(5, 11, 6, 'NORMAL'),
(5, 11, 7, 'NORMAL'),
(5, 11, 8, 'NORMAL'),
(5, 11, 9, 'NORMAL'),
(5, 11, 10, 'NORMAL'),
(5, 11, 11, 'NORMAL'),
(5, 11, 12, 'NORMAL'),
(5, 11, 13, 'NORMAL'),
(5, 11, 14, 'NORMAL'),
(5, 11, 15, 'NORMAL'),
(5, 11, 16, 'NORMAL'),
(5, 11, 17, 'NORMAL'),
(5, 11, 18, 'NORMAL'),
(5, 11, 19, 'NORMAL'),
(5, 12, 1, 'NORMAL'),
(5, 12, 2, 'NORMAL'),
(5, 12, 3, 'NORMAL'),
(5, 12, 4, 'NORMAL'),
(5, 12, 5, 'NORMAL'),
(5, 12, 6, 'NORMAL'),
(5, 12, 7, 'NORMAL'),
(5, 12, 8, 'NORMAL'),
(5, 12, 9, 'NORMAL'),
(5, 12, 10, 'NORMAL'),
(5, 12, 11, 'NORMAL'),
(5, 12, 12, 'NORMAL'),
(5, 12, 13, 'NORMAL'),
(5, 12, 14, 'NORMAL'),
(5, 12, 15, 'NORMAL'),
(5, 12, 16, 'NORMAL'),
(5, 12, 17, 'NORMAL'),
(5, 12, 18, 'NORMAL'),
(5, 12, 19, 'NORMAL'),
(5, 13, 1, 'NORMAL'),
(5, 13, 2, 'NORMAL'),
(5, 13, 3, 'NORMAL'),
(5, 13, 4, 'NORMAL'),
(5, 13, 5, 'NORMAL'),
(5, 13, 6, 'NORMAL'),
(5, 13, 7, 'NORMAL'),
(5, 13, 8, 'NORMAL'),
(5, 13, 9, 'NORMAL'),
(5, 13, 10, 'NORMAL'),
(5, 13, 11, 'NORMAL'),
(5, 13, 12, 'NORMAL'),
(5, 13, 13, 'NORMAL'),
(5, 13, 14, 'NORMAL'),
(5, 13, 15, 'NORMAL'),
(5, 13, 16, 'NORMAL'),
(5, 13, 17, 'NORMAL'),
(5, 13, 18, 'NORMAL'),
(5, 13, 19, 'NORMAL'),
(5, 14, 1, 'MINUSVALIDOS'),
(5, 14, 2, 'MINUSVALIDOS'),
(5, 14, 3, 'NORMAL'),
(5, 14, 4, 'NORMAL'),
(5, 14, 5, 'NORMAL'),
(5, 14, 6, 'NORMAL'),
(5, 14, 7, 'NORMAL'),
(5, 14, 8, 'NORMAL'),
(5, 14, 9, 'MINUSVALIDOS'),
(5, 14, 10, 'NORMAL'),
(5, 14, 11, 'NORMAL'),
(5, 14, 12, 'NORMAL'),
(5, 14, 13, 'NORMAL'),
(5, 14, 14, 'NORMAL'),
(5, 14, 15, 'NORMAL'),
(5, 14, 16, 'NORMAL'),
(5, 14, 17, 'NORMAL'),
(5, 14, 18, 'MINUSVALIDOS'),
(5, 14, 19, 'MINUSVALIDOS'),
(6, 1, 1, 'NORMAL'),
(6, 1, 2, 'NORMAL'),
(6, 1, 3, 'NORMAL'),
(6, 1, 4, 'NORMAL'),
(6, 1, 5, 'NORMAL'),
(6, 1, 6, 'NORMAL'),
(6, 1, 7, 'NORMAL'),
(6, 1, 8, 'NORMAL'),
(6, 1, 9, 'NORMAL'),
(6, 1, 10, 'NORMAL'),
(6, 1, 11, 'NORMAL'),
(6, 1, 12, 'NORMAL'),
(6, 1, 13, 'NORMAL'),
(6, 1, 14, 'NORMAL'),
(6, 1, 15, 'NORMAL'),
(6, 1, 16, 'NORMAL'),
(6, 1, 17, 'NORMAL'),
(6, 1, 18, 'NORMAL'),
(6, 1, 19, 'NORMAL'),
(6, 2, 1, 'NORMAL'),
(6, 2, 2, 'NORMAL'),
(6, 2, 3, 'NORMAL'),
(6, 2, 4, 'NORMAL'),
(6, 2, 5, 'NORMAL'),
(6, 2, 6, 'NORMAL'),
(6, 2, 7, 'NORMAL'),
(6, 2, 8, 'NORMAL'),
(6, 2, 9, 'NORMAL'),
(6, 2, 10, 'NORMAL'),
(6, 2, 11, 'NORMAL'),
(6, 2, 12, 'NORMAL'),
(6, 2, 13, 'NORMAL'),
(6, 2, 14, 'NORMAL'),
(6, 2, 15, 'NORMAL'),
(6, 2, 16, 'NORMAL'),
(6, 2, 17, 'NORMAL'),
(6, 2, 18, 'NORMAL'),
(6, 2, 19, 'NORMAL'),
(6, 3, 1, 'NORMAL'),
(6, 3, 2, 'NORMAL'),
(6, 3, 3, 'NORMAL'),
(6, 3, 4, 'NORMAL'),
(6, 3, 5, 'NORMAL'),
(6, 3, 6, 'NORMAL'),
(6, 3, 7, 'NORMAL'),
(6, 3, 8, 'NORMAL'),
(6, 3, 9, 'NORMAL'),
(6, 3, 10, 'NORMAL'),
(6, 3, 11, 'NORMAL'),
(6, 3, 12, 'NORMAL'),
(6, 3, 13, 'NORMAL'),
(6, 3, 14, 'NORMAL'),
(6, 3, 15, 'NORMAL'),
(6, 3, 16, 'NORMAL'),
(6, 3, 17, 'NORMAL'),
(6, 3, 18, 'NORMAL'),
(6, 3, 19, 'NORMAL'),
(6, 4, 1, 'NORMAL'),
(6, 4, 2, 'NORMAL'),
(6, 4, 3, 'NORMAL'),
(6, 4, 4, 'NORMAL'),
(6, 4, 5, 'NORMAL'),
(6, 4, 6, 'NORMAL'),
(6, 4, 7, 'NORMAL'),
(6, 4, 8, 'NORMAL'),
(6, 4, 9, 'NORMAL'),
(6, 4, 10, 'NORMAL'),
(6, 4, 11, 'NORMAL'),
(6, 4, 12, 'NORMAL'),
(6, 4, 13, 'NORMAL'),
(6, 4, 14, 'NORMAL'),
(6, 4, 15, 'NORMAL'),
(6, 4, 16, 'NORMAL'),
(6, 4, 17, 'NORMAL'),
(6, 4, 18, 'NORMAL'),
(6, 4, 19, 'NORMAL'),
(6, 5, 1, 'NORMAL'),
(6, 5, 2, 'NORMAL'),
(6, 5, 3, 'NORMAL'),
(6, 5, 4, 'NORMAL'),
(6, 5, 5, 'NORMAL'),
(6, 5, 6, 'NORMAL'),
(6, 5, 7, 'NORMAL'),
(6, 5, 8, 'NORMAL'),
(6, 5, 9, 'NORMAL'),
(6, 5, 10, 'NORMAL'),
(6, 5, 11, 'NORMAL'),
(6, 5, 12, 'NORMAL'),
(6, 5, 13, 'NORMAL'),
(6, 5, 14, 'NORMAL'),
(6, 5, 15, 'NORMAL'),
(6, 5, 16, 'NORMAL'),
(6, 5, 17, 'NORMAL'),
(6, 5, 18, 'NORMAL'),
(6, 5, 19, 'NORMAL'),
(6, 6, 1, 'NORMAL'),
(6, 6, 2, 'NORMAL'),
(6, 6, 3, 'NORMAL'),
(6, 6, 4, 'NORMAL'),
(6, 6, 5, 'NORMAL'),
(6, 6, 6, 'NORMAL'),
(6, 6, 7, 'NORMAL'),
(6, 6, 8, 'NORMAL'),
(6, 6, 9, 'NORMAL'),
(6, 6, 10, 'NORMAL'),
(6, 6, 11, 'NORMAL'),
(6, 6, 12, 'NORMAL'),
(6, 6, 13, 'NORMAL'),
(6, 6, 14, 'NORMAL'),
(6, 6, 15, 'NORMAL'),
(6, 6, 16, 'NORMAL'),
(6, 6, 17, 'NORMAL'),
(6, 6, 18, 'NORMAL'),
(6, 6, 19, 'NORMAL'),
(6, 7, 1, 'NORMAL'),
(6, 7, 2, 'NORMAL'),
(6, 7, 3, 'NORMAL'),
(6, 7, 4, 'NORMAL'),
(6, 7, 5, 'NORMAL'),
(6, 7, 6, 'VIP'),
(6, 7, 7, 'VIP'),
(6, 7, 8, 'VIP'),
(6, 7, 9, 'VIP'),
(6, 7, 10, 'VIP'),
(6, 7, 11, 'VIP'),
(6, 7, 12, 'VIP'),
(6, 7, 13, 'VIP'),
(6, 7, 14, 'VIP'),
(6, 7, 15, 'NORMAL'),
(6, 7, 16, 'NORMAL'),
(6, 7, 17, 'NORMAL'),
(6, 7, 18, 'NORMAL'),
(6, 7, 19, 'NORMAL'),
(6, 8, 1, 'NORMAL'),
(6, 8, 2, 'NORMAL'),
(6, 8, 3, 'NORMAL'),
(6, 8, 4, 'NORMAL'),
(6, 8, 5, 'NORMAL'),
(6, 8, 6, 'VIP'),
(6, 8, 7, 'VIP'),
(6, 8, 8, 'VIP'),
(6, 8, 9, 'VIP'),
(6, 8, 10, 'VIP'),
(6, 8, 11, 'VIP'),
(6, 8, 12, 'VIP'),
(6, 8, 13, 'VIP'),
(6, 8, 14, 'VIP'),
(6, 8, 15, 'NORMAL'),
(6, 8, 16, 'NORMAL'),
(6, 8, 17, 'NORMAL'),
(6, 8, 18, 'NORMAL'),
(6, 8, 19, 'NORMAL'),
(6, 9, 1, 'NORMAL'),
(6, 9, 2, 'NORMAL'),
(6, 9, 3, 'NORMAL'),
(6, 9, 4, 'NORMAL'),
(6, 9, 5, 'NORMAL'),
(6, 9, 6, 'VIP'),
(6, 9, 7, 'VIP'),
(6, 9, 8, 'VIP'),
(6, 9, 9, 'VIP'),
(6, 9, 10, 'VIP'),
(6, 9, 11, 'VIP'),
(6, 9, 12, 'VIP'),
(6, 9, 13, 'VIP'),
(6, 9, 14, 'VIP'),
(6, 9, 15, 'NORMAL'),
(6, 9, 16, 'NORMAL'),
(6, 9, 17, 'NORMAL'),
(6, 9, 18, 'NORMAL'),
(6, 9, 19, 'NORMAL'),
(6, 10, 1, 'NORMAL'),
(6, 10, 2, 'NORMAL'),
(6, 10, 3, 'NORMAL'),
(6, 10, 4, 'NORMAL'),
(6, 10, 5, 'NORMAL'),
(6, 10, 6, 'NORMAL'),
(6, 10, 7, 'NORMAL'),
(6, 10, 8, 'NORMAL'),
(6, 10, 9, 'NORMAL'),
(6, 10, 10, 'NORMAL'),
(6, 10, 11, 'NORMAL'),
(6, 10, 12, 'NORMAL'),
(6, 10, 13, 'NORMAL'),
(6, 10, 14, 'NORMAL'),
(6, 10, 15, 'NORMAL'),
(6, 10, 16, 'NORMAL'),
(6, 10, 17, 'NORMAL'),
(6, 10, 18, 'NORMAL'),
(6, 10, 19, 'NORMAL'),
(6, 11, 1, 'NORMAL'),
(6, 11, 2, 'NORMAL'),
(6, 11, 3, 'NORMAL'),
(6, 11, 4, 'NORMAL'),
(6, 11, 5, 'NORMAL'),
(6, 11, 6, 'NORMAL'),
(6, 11, 7, 'NORMAL'),
(6, 11, 8, 'NORMAL'),
(6, 11, 9, 'NORMAL'),
(6, 11, 10, 'NORMAL'),
(6, 11, 11, 'NORMAL'),
(6, 11, 12, 'NORMAL'),
(6, 11, 13, 'NORMAL'),
(6, 11, 14, 'NORMAL'),
(6, 11, 15, 'NORMAL'),
(6, 11, 16, 'NORMAL'),
(6, 11, 17, 'NORMAL'),
(6, 11, 18, 'NORMAL'),
(6, 11, 19, 'NORMAL'),
(6, 12, 1, 'NORMAL'),
(6, 12, 2, 'NORMAL'),
(6, 12, 3, 'NORMAL'),
(6, 12, 4, 'NORMAL'),
(6, 12, 5, 'NORMAL'),
(6, 12, 6, 'NORMAL'),
(6, 12, 7, 'NORMAL'),
(6, 12, 8, 'NORMAL'),
(6, 12, 9, 'NORMAL'),
(6, 12, 10, 'NORMAL'),
(6, 12, 11, 'NORMAL'),
(6, 12, 12, 'NORMAL'),
(6, 12, 13, 'NORMAL'),
(6, 12, 14, 'NORMAL'),
(6, 12, 15, 'NORMAL'),
(6, 12, 16, 'NORMAL'),
(6, 12, 17, 'NORMAL'),
(6, 12, 18, 'NORMAL'),
(6, 12, 19, 'NORMAL'),
(6, 13, 1, 'NORMAL'),
(6, 13, 2, 'NORMAL'),
(6, 13, 3, 'NORMAL'),
(6, 13, 4, 'NORMAL'),
(6, 13, 5, 'NORMAL'),
(6, 13, 6, 'NORMAL'),
(6, 13, 7, 'NORMAL'),
(6, 13, 8, 'NORMAL'),
(6, 13, 9, 'NORMAL'),
(6, 13, 10, 'NORMAL'),
(6, 13, 11, 'NORMAL'),
(6, 13, 12, 'NORMAL'),
(6, 13, 13, 'NORMAL'),
(6, 13, 14, 'NORMAL'),
(6, 13, 15, 'NORMAL'),
(6, 13, 16, 'NORMAL'),
(6, 13, 17, 'NORMAL'),
(6, 13, 18, 'NORMAL'),
(6, 13, 19, 'NORMAL'),
(6, 14, 1, 'MINUSVALIDOS'),
(6, 14, 2, 'MINUSVALIDOS'),
(6, 14, 3, 'NORMAL'),
(6, 14, 4, 'NORMAL'),
(6, 14, 5, 'NORMAL'),
(6, 14, 6, 'NORMAL'),
(6, 14, 7, 'NORMAL'),
(6, 14, 8, 'NORMAL'),
(6, 14, 9, 'MINUSVALIDOS'),
(6, 14, 10, 'NORMAL'),
(6, 14, 11, 'NORMAL'),
(6, 14, 12, 'NORMAL'),
(6, 14, 13, 'NORMAL'),
(6, 14, 14, 'NORMAL'),
(6, 14, 15, 'NORMAL'),
(6, 14, 16, 'NORMAL'),
(6, 14, 17, 'NORMAL'),
(6, 14, 18, 'MINUSVALIDOS'),
(6, 14, 19, 'MINUSVALIDOS');



INSERT INTO `peliculas` (`id_pelicula`, `titulo`, `fecha_estreno`, `genero`, `duracion_min`, `director`, `reparto`, `sinopsis`, `valoracion`, `imagen`) VALUES
(2, 'Deadpool', '2015-12-08', 'CIENCIA_FICCION', 106, 'Tim Miller', 'Ryan Reynolds, Morena Baccarin, Ed Skrein, Gina Carano, T.J. Miller, Rachel Sheen, Brianna Hildebrand, Paul Lazenby, Sean Quan, Ben Wilkinson, Naika Toussaint, Olesia Shewchuk, Kyle Cassie, Style Dayne, Fabiola Colmenero, Stan Lee', 'Basado en el anti-héroe menos convencional de la Marvel, Deadpool narra el origen de un ex-operativo de la fuerzas especiales llamado Wade Wilson, reconvertido a mercenario, y que tras ser sometido a un cruel experimento adquiere poderes de curación rápida, adoptando Wade entonces el alter ego de Deadpool. Armado con sus nuevas habilidades y un oscuro y retorcido sentido del humor, Deadpool intentará dar caza al hombre que casi destruye su vida. ', 5, 'img/deadpool.jpg'),
(3, 'Batman vs Superman', '2016-02-10', 'CIENCIA_FICCION', 153, 'Zack Snyder', 'Ben Affleck, Henry Cavill, Amy Adams, Jesse Eisenberg, Gal Gadot, Diane Lane, Laurence Fishburne, Jeremy Irons, Holly Hunter, Scoot McNairy, Callan Mulvey, Tao Okamoto, Brandon Spink, Lauren Cohan, Michael Shannon, Hugh Maguire, Jason Momoa, Ezra Miller, Ray Fisher', 'Ante el temor de las acciones que pueda llevar a cabo Superman, el vigilante de Gotham City aparece para poner a raya al superhéroe de Metrópolis, mientras que la opinión pública debate cuál es realmente el héroe que necesitan. El hombre de acero y Batman se sumergen en una contienda territorial, pero las cosas se complican cuando una nueva y peligrosa amenaza surge rápidamente, poniendo en jaque la existencia de la humanidad.', 3, 'img/batmanvsuperman.jpg'),
(4, 'Las crónicas de Blancanieves', '2016-03-14', 'DRAMA', 113, 'Cedric Nicolas-Troya', 'Chris Hemsworth, Emily Blunt, Jessica Chastain, Charlize Theron, Sam Claflin, Nick Frost, Alexandra Roach, Sheridan Smith, Rob Brydon, Sam Hazeldine, Jadey Duffield, Mark Haldor, Madeleine Worrall, Lynne Wilmot, Conrad Khan', 'Mucho antes de ser apuñalada y vencida por Blancanieves, la malvada reina Ravenna (Theron) fue testigo de cómo su hermana Freya (Blunt) sufría una desgarradora traición y huía del reino. Freya vive desde entonces en un lejano palacio invernal, donde ha creado una legión de cazadores, pero descubre que Eric (Hemsworth) y la guerrera Sara (Chastain) han incumplido la única regla impuesta a los soldados: desterrar el amor eternamente de sus corazones. Al enterarse de que su hermana ha muerto, Freya reúne a los cazadores y les ordena traer el espejo mágico de la única hechicera capaz de destruir su poder. Pero cuando comprueba que puede resucitar a Ravenna, las malvadas hermanas siembran el terror en el reino encantado. El único peligro que las amenaza es que Eric y Sara sean capaces de superar todos los peligros para reencontrarse. ', 2, 'img/blancanieves.jpg'),
(5, 'Star Wars Episode VII', '2016-04-27', 'BELICA', 147, 'J.J. Abrams', 'Daisy Ridley, John Boyega, Harrison Ford, Adam Driver, Oscar Isaac, Carrie Fisher, Peter Mayhew, Domhnall Gleeson, Max von Sydow, Gwendoline Christie, Lupita Nyong''o, Andy Serkis, Anthony Daniels, Mark Hamill, Greg Grunberg, Kenny Baker, Simon Pegg, Katie Jarvis, Christina Chong, Miltos Yerolemou, Thomas Brodie-Sangster, Ken Leung, Harriet Walter, Iko Uwais, Yayan Ruhian, Warwick Davis, Jessica Henwick, Daniel Craig, Billie Lourd, Judah Friedlander, Kevin Smith', 'Treinta años después de la victoria de la Alianza Rebelde sobre la segunda Estrella de la Muerte (hechos narrados en el Episodio VI: El retorno del Jedi), la galaxia está todavía en guerra. Una nueva República se ha constituido, pero una siniestra organización, la Primera Orden, ha resurgido de las cenizas del Imperio Galáctico. A los héroes de antaño, que luchan ahora en la Resistencia, se suman nuevos héroes: Poe Dameron, un piloto de caza, Finn, un desertor de la Primera Orden, Rey, una joven chatarrera, y BB-8, un androide rodante. Todos ellos luchan contra las fuerzas del Mal: el Capitán Phasma, de la Primera Orden, y Kylo Ren, un temible y misterioso personaje que empuña un sable de luz roja. ', 1, 'img/starwars.jpg'),
(6, 'Resucitado', '2016-05-02', 'HISTORICA', 107, 'Kevin Reynolds', 'Joseph Fiennes, Tom Felton, Cliff Curtis, Peter Firth, Stewart Scudamore, Luis Callejo, María Botto, Mish Boyko, Mark Killeen, Stephen Hagan, Stephen Greif, Jan Cornet, Joe Manjón, Antonio Gil, Richard Atwill, Andy Gathergood, Pepe Lorente, Selva Rasalingam, Stavros Demetraki, Manu Fullola, Mario Tardón, Àlex Maruny, Paco Manzanedo, Frida Cauchi', 'En Jerusalén, un joven centurión romano recibe, por parte de Poncio Pilato, prefecto de Judea, la misión de investigar la misteriosa desaparición del cuerpo de un predicador nazareno crucificado hace tres días, y los crecientes rumores sobre su resurrección.', 4, 'img/resucitado.jpg'),
(7, 'El Renacido', '2016-02-08', 'DRAMA', 156, 'Alejandro González I', 'Leonardo DiCaprio, Tom Hardy, Domhnall Gleeson, Will Poulter, Forrest Goodluck, Paul Anderson, Kristoffer Joner, Joshua Burge, Duane Howard, Melaw Nakehk''o, Fabrice Adde, Arthur RedCloud, Christopher Rosamond, Robert Moloney, Lukas Haas, Brendan Fletcher, Tyson Wood, McCaleb Burnett', 'Año 1823. En las profundidades de la América salvaje, el explorador Hugh Glass (Leonardo DiCaprio) participa junto a su hijo mestizo Hawk en una expedición de tramperos que recolecta pieles. Glass resulta gravemente herido por el ataque de un oso y es abandonado a su suerte por un traicionero miembro de su equipo, John Fitzgerald (Tom Hardy). Con la fuerza de voluntad como su única arma, Glass deberá enfrentarse a un territorio hostil, a un invierno brutal y a la guerra constante entre las tribus de nativos americanos, en una búsqueda implacable para conseguir vengarse', 5, 'img/renacido.jpg'),
(9, 'Warcraft: The Beginning', '2016-06-03', 'CIENCIA_FICCION', 124, 'Duncan Jones', 'Travis Fimmel, Paula Patton, Ben Foster, Dominic Cooper, Toby Kebbell, Ben Schnetzer, Robert Kazinsky, Clancy Brown, Daniel Wu, Ruth Negga, Anna Galvin, Callum Keith, Burkely Duffield, Ryan Robbins, Dean Redman, Glenn Ennis, Terry Notary, Elena Wurlitzer, Michael Adamthwaite, Anna Van Hooft, Callan Mulvey', 'El pacífico reino de Azeroth está a punto de entrar en guerra para enfrentarse a unos terribles invasores: orcos guerreros que han dejado su destruido mundo para colonizar otro. Al abrirse un portal que conecta ambos mundos, un ejército se enfrenta a la destrucción, y el otro, a la extinción. Dos héroes, uno en cada bando, están a punto de chocar en un enfrentamiento que cambiará el destino de su familia, su pueblo y su hogar. Así empieza una espectacular saga de poder y sacrificio donde se descubren las numerosas caras de la guerra y donde cada uno lucha por lo suyo. Adaptación del popular videojuego homónimo.', 1, 'img/warcraft.jpg'),
(10, 'The Angry Birds Movie', '2016-05-13', 'CIENCIA_FICCION', 97, 'Clay Kaytis, Fergal ', 'Animation', 'Basada en la colección de videojuegos "Angry Birds", la historia se desarrolla en una isla poblada por aves felices que no vuelan. En este paraíso, Red, un pájaro con muy mal genio, el veloz Chuck y el volátil Bomb nunca han terminado de encajar. Pero cuando llegan a la isla unos misteriosos cerdos verdes, serán estos tres marginados los que averigüen qué traman los extraños visitantes. ', 3, 'img/angrybirds.jpg'),
(11, 'The Nice Guys', '2016-06-10', 'COMEDIA', 116, 'Shane Black', 'Ryan Gosling, Russell Crowe, Matt Bomer, Kim Basinger, Yvonne Zima, Keith David, Margaret Qualley, Beau Knapp, Angourie Rice, Daisy Tahan, Abbie Dunn, Michael Beasley, Joanne Spracklen, Dale Ritchey, Terence Rosemore, Chace Beck, Kahallyn Summer Cain, Cayla Brady, Murielle Telio, Lexi Johnson, Gary Wolf, Maddie Compton, Michelle Rivera, Joshua Hoover, Charles Green, Scott Ledbetter, Amy Goddard, Brian Gonzalez, Ty Simpkins', 'Ambientada en Los Ángeles durante los años 70, gira en torno al detective Holland March (Ryan Gosling) y el matón a sueldo Jackson Healy (Russell Crowe), los cuales se ven forzados a colaborar para resolver el caso de una joven desaparecida, la muerte de una estrella porno y una conspiración criminal que llega hasta las altas esferas. ', 2, 'img/niceG.jpg'),
(12, 'Me Before You', '2016-07-01', 'DRAMA', 110, 'Thea Sharrock', 'Emilia Clarke, Sam Claflin, Matthew Lewis, Charles Dance, Vanessa Kirby, Jenna Coleman, Janet McTeer, Brendan Coyle, Ben Lloyd-Hughes, Hannah Flynn, Amber Elizabeth, Stephen Peacocke, Alexander Cooper, Richard Gouldin, Tony Paul West', 'La joven veinteañera Louisa “Lou” Clark (Emilia Clarke) vive en un pequeño pueblo en mitad de la campiña inglesa. Sin un rumbo claro en su vida, inestable y creativa, Lou va de un trabajo a otro para ayudar a su familia a llegar a fin de mes. Sin embargo, su habitual actitud alegre se pone a prueba cuando afronta un nuevo reto profesional. Acepta un trabajo en el “castillo” local y se convierte en cuidadora y compañera de Will Traynor (Sam Claflin), un joven banquero adinerado que se quedó en silla de ruedas tras un accidente hace dos años.', 1, 'img/meB.jpg'),
(14, 'Suicide Squad', '2016-08-12', 'CIENCIA_FICCION', 123, 'David Ayer', 'Will Smith, Jared Leto, Margot Robbie, Jai Courtney, Viola Davis, Joel Kinnaman, Cara Delevingne, Adewale Akinnuoye-Agbaje, Adam Beach, Jay Hernandez, Karen Fukuhara, Scott Eastwood, Jim Parrack, Ike Barinholtz, Ben Affleck, Corina Calderon, Alex Meraz', 'Adaptación del cómic del mismo nombre de DC Comics que trata la historia de un grupo de villanos a los que el Gobierno les ofrece la oportunidad de redimirse en una misión suicida.', 5, 'img/Escuadron.jpg');

--
-- Volcado de datos para la tabla `codigos_descuentos`
--

INSERT INTO `codigos_descuentos` (`codigo`, `porcentaje`, `activado`) VALUES
('f1lm', 15, 1),
('SAMC', 10, 0);

--
-- Volcado de datos para la tabla `descuentos`
--

INSERT INTO `descuentos` (`id_descuento`, `tipo`, `porcentaje`) VALUES
(8, 'PACK_4o5', 30),
(9, 'PACK_MAYOR_5', 32);

--
-- Volcado de datos para la tabla `gestor`
--

INSERT INTO `gestor` (`sala`, `nombre_usuario`) VALUES
(4, 'gestor'),
(5, 'gestor');

--
-- Volcado de datos para la tabla `historial_compras`
--

INSERT INTO `historial_compras` (`id_compra`, `socio`, `id_pelicula`, `num_entradas`, `precio`, `fecha`) VALUES
(28, NULL, 5, 1, 12.5, '2016-06-06 15:33:00'),
(30, NULL, 5, 5, 74.5, '2016-06-06 15:33:00'),
(31, NULL, 5, 3, 37.5, '2016-06-06 15:33:00'),
(34, NULL, 5, 1, 12.5, '2016-06-06 15:33:00'),
(35, NULL, 5, 2, 25, '2016-06-06 15:33:00'),
(36, NULL, 5, 1, 12.5, '2016-06-06 15:33:00'),
(37, NULL, 5, 2, 25, '2016-06-06 15:33:00'),
(39, NULL, 5, 1, 12.5, '2016-06-06 15:33:00'),
(41, NULL, 5, 1, 10.63, '2016-06-06 15:33:00'),
(42, NULL, 5, 1, 12.5, '2016-06-06 15:33:00'),
(43, NULL, 5, 4, 44.2, '2016-06-06 15:33:00'),
(44, NULL, 5, 2, 21.25, '2016-06-06 15:33:00'),
(45, NULL, 5, 1, 10.63, '2016-06-06 15:33:00'),
(46, NULL, 5, 1, 12.5, '2016-06-06 15:33:00'),
(47, NULL, 5, 1, 12.5, '2016-06-06 15:33:00'),
(48, NULL, 5, 3, 37.5, '2016-06-06 15:33:00'),
(49, NULL, 5, 4, 50, '2016-06-06 15:33:00'),
(50, NULL, 5, 1, 10.63, '2016-06-06 15:33:00'),
(51, NULL, 5, 4, 50, '2016-06-06 15:33:00'),
(52, NULL, 5, 4, 50, '2016-06-06 15:33:00'),
(53, NULL, 5, 4, 35, '2016-06-06 15:33:00'),
(54, NULL, 5, 8, 68, '2016-06-06 15:33:00'),
(55, NULL, 5, 7, 74.38, '2016-06-06 15:33:00'),
(56, NULL, 2, 4, 45.5, '2016-06-07 14:00:00'),
(57, NULL, 2, 3, 26.78, '2016-06-07 14:00:00'),
(58, NULL, 2, 1, 10.63, '2016-06-07 14:00:00'),
(59, NULL, 2, 3, 31.88, '2016-06-07 14:00:00'),
(61, NULL, 5, 1, 10.63, '2016-06-11 15:03:00'),
(62, NULL, 5, 4, 35, '2016-06-11 15:03:00'),
(63, NULL, 5, 5, 62.5, '2016-06-11 15:03:00'),
(64, NULL, 5, 5, 43.75, '2016-06-11 15:03:00'),
(65, NULL, 5, 4, 50, '2016-06-11 15:03:00'),
(68, NULL, 5, 1, 12.5, '2016-06-11 15:03:00');

--
-- Volcado de datos para la tabla `horario`
--

INSERT INTO `horario` (`id_horario`, `sala`, `hora`, `id_pelicula`, `3D`) VALUES
(1, 1, '2016-05-04 00:00:00', 2, 0),
(2, 2, '2016-05-26 16:35:00', 3, 0),
(3, 4, '2016-05-25 14:25:22', 5, 0),
(4, 6, '2016-05-25 02:13:10', 2, 0),
(5, 5, '2016-05-25 00:00:00', 7, 0),
(6, 1, '2016-05-25 08:22:47', 4, 0),
(7, 4, '2016-05-26 11:00:00', 7, 0),
(8, 1, '2016-05-29 18:00:00', 5, 0),
(9, 2, '2016-05-29 21:00:00', 5, 0),
(10, 6, '2016-05-30 17:00:00', 5, 0),
(11, 6, '2016-05-31 00:00:00', 2, 0),
(12, 1, '2016-05-30 22:00:00', 5, 0),
(13, 3, '2017-06-01 23:04:00', 3, 0),
(14, 3, '2016-06-01 20:00:00', 2, 0),
(15, 3, '2016-06-01 18:00:00', 3, 0),
(16, 6, '2016-06-01 18:00:00', 3, 0),
(17, 1, '2016-06-01 12:00:00', 4, 0),
(18, 2, '2016-06-01 14:00:00', 3, 0),
(19, 3, '2016-06-02 16:00:00', 4, 0),
(20, 4, '2016-06-02 14:00:00', 5, 0),
(21, 5, '2016-06-03 13:15:00', 7, 1),
(22, 6, '2016-06-04 15:15:00', 2, 1),
(24, 2, '2016-06-06 14:00:00', 7, 0),
(26, 2, '2016-06-11 12:34:00', 4, 1),
(27, 2, '2016-06-03 15:25:00', 7, 0),
(28, 5, '2016-06-03 19:15:00', 7, 1),
(29, 5, '2016-06-11 15:03:00', 5, 1),
(30, 5, '2016-06-06 15:33:00', 5, 1),
(31, 2, '2016-06-07 14:00:00', 2, 1),
(32, 2, '2016-06-10 23:23:00', 2, 1),
(33, 4, '2016-06-13 22:22:00', 2, 1),
(34, 1, '2016-06-14 12:00:00', 2, 0),
(35, 2, '2016-06-14 14:00:00', 3, 1),
(36, 3, '2016-06-14 16:00:00', 4, 0),
(37, 4, '2016-06-14 18:00:00', 5, 1),
(38, 5, '2016-06-14 20:00:00', 6, 0),
(39, 6, '2016-06-15 12:00:00', 7, 1),
(40, 1, '2016-06-15 14:00:00', 2, 0),
(41, 2, '2016-06-15 16:00:00', 3, 1),
(42, 3, '2016-06-15 18:00:00', 4, 0),
(43, 4, '2016-06-15 20:00:00', 5, 1),
(44, 1, '2016-06-16 12:00:00', 2, 0),
(45, 1, '2016-06-16 14:00:00', 2, 1),
(46, 1, '2016-06-16 16:00:00', 2, 0),
(47, 1, '2016-06-16 18:00:00', 2, 1),
(48, 1, '2016-06-16 20:00:00', 2, 0),
(49, 2, '2016-06-16 12:00:00', 3, 1),
(50, 2, '2016-06-16 14:00:00', 3, 0),
(51, 2, '2016-06-16 16:00:00', 3, 1),
(52, 2, '2016-06-16 18:00:00', 3, 0),
(53, 2, '2016-06-16 20:00:00', 3, 1),
(54, 3, '2016-06-16 12:00:00', 4, 0),
(55, 3, '2016-06-16 14:00:00', 4, 1),
(56, 3, '2016-06-16 16:00:00', 4, 0),
(57, 3, '2016-06-16 18:00:00', 4, 1),
(58, 3, '2016-06-16 20:00:00', 4, 0),
(59, 4, '2016-06-16 12:00:00', 5, 1),
(60, 4, '2016-06-16 14:00:00', 5, 0),
(61, 4, '2016-06-16 16:00:00', 5, 1),
(62, 4, '2016-06-16 18:00:00', 5, 0),
(63, 4, '2016-06-16 20:00:00', 5, 1),
(64, 5, '2016-06-16 12:00:00', 6, 0),
(65, 5, '2016-06-16 14:00:00', 6, 1),
(66, 5, '2016-06-16 16:00:00', 6, 0),
(67, 5, '2016-06-16 18:00:00', 6, 1),
(68, 5, '2016-06-16 20:00:00', 6, 0),
(69, 6, '2016-06-16 12:00:00', 7, 1),
(70, 6, '2016-06-16 14:00:00', 7, 0),
(71, 6, '2016-06-16 16:00:00', 7, 1),
(72, 6, '2016-06-16 18:00:00', 7, 0),
(73, 6, '2016-06-16 20:00:00', 7, 1),
(74, 1, '2016-06-17 12:00:00', 9, 0),
(75, 1, '2016-06-17 14:00:00', 9, 1),
(76, 1, '2016-06-17 16:00:00', 9, 0),
(77, 1, '2016-06-17 18:00:00', 9, 1),
(78, 1, '2016-06-17 20:00:00', 9, 0),
(79, 2, '2016-06-17 12:00:00', 10, 1),
(80, 2, '2016-06-17 14:00:00', 10, 0),
(81, 2, '2016-06-17 16:00:00', 10, 1),
(82, 2, '2016-06-17 18:00:00', 10, 0),
(83, 2, '2016-06-17 20:00:00', 10, 1),
(84, 3, '2016-06-17 12:00:00', 11, 0),
(85, 3, '2016-06-17 14:00:00', 11, 1),
(86, 3, '2016-06-17 16:00:00', 11, 0),
(87, 3, '2016-06-17 18:00:00', 11, 1),
(88, 3, '2016-06-17 20:00:00', 11, 0),
(89, 4, '2016-06-17 12:00:00', 2, 1),
(90, 4, '2016-06-17 14:00:00', 2, 0),
(91, 4, '2016-06-17 16:00:00', 2, 1),
(92, 4, '2016-06-17 18:00:00', 2, 0),
(93, 4, '2016-06-17 20:00:00', 2, 1),
(94, 5, '2016-06-17 12:00:00', 3, 0),
(95, 5, '2016-06-17 14:00:00', 3, 1),
(96, 5, '2016-06-17 16:00:00', 3, 0),
(97, 5, '2016-06-17 18:00:00', 3, 1),
(98, 5, '2016-06-17 20:00:00', 3, 0),
(99, 6, '2016-06-17 12:00:00', 4, 1),
(100, 6, '2016-06-17 14:00:00', 4, 0),
(101, 6, '2016-06-17 16:00:00', 4, 1),
(102, 6, '2016-06-17 18:00:00', 4, 0),
(103, 6, '2016-06-17 20:00:00', 4, 1),
(104, 1, '2016-06-18 12:00:00', 5, 0),
(105, 1, '2016-06-18 14:00:00', 5, 1),
(106, 1, '2016-06-18 16:00:00', 5, 0),
(107, 1, '2016-06-18 18:00:00', 5, 1),
(108, 1, '2016-06-18 20:00:00', 5, 0),
(109, 2, '2016-06-18 12:00:00', 6, 1),
(110, 2, '2016-06-18 14:00:00', 6, 0),
(111, 2, '2016-06-18 16:00:00', 6, 1),
(112, 2, '2016-06-18 18:00:00', 6, 0),
(113, 2, '2016-06-18 20:00:00', 6, 1),
(114, 3, '2016-06-18 12:00:00', 7, 0),
(115, 3, '2016-06-18 14:00:00', 7, 1),
(116, 3, '2016-06-18 16:00:00', 7, 0),
(117, 3, '2016-06-18 18:00:00', 7, 1),
(118, 3, '2016-06-18 20:00:00', 7, 0),
(119, 4, '2016-06-18 12:00:00', 9, 1),
(120, 4, '2016-06-18 14:00:00', 9, 0),
(121, 4, '2016-06-18 16:00:00', 9, 1),
(122, 4, '2016-06-18 18:00:00', 9, 0),
(123, 4, '2016-06-18 20:00:00', 9, 1),
(124, 5, '2016-06-18 12:00:00', 10, 0),
(125, 5, '2016-06-18 14:00:00', 10, 1),
(126, 5, '2016-06-18 16:00:00', 10, 0),
(127, 5, '2016-06-18 18:00:00', 10, 1),
(128, 5, '2016-06-18 20:00:00', 10, 0),
(129, 6, '2016-06-18 12:00:00', 11, 1),
(130, 6, '2016-06-18 14:00:00', 11, 0),
(131, 6, '2016-06-18 16:00:00', 11, 1),
(132, 6, '2016-06-18 18:00:00', 11, 0),
(133, 6, '2016-06-18 20:00:00', 11, 1),
(134, 1, '2016-06-19 12:00:00', 2, 0),
(135, 1, '2016-06-19 14:00:00', 2, 1),
(136, 1, '2016-06-19 16:00:00', 2, 0),
(137, 1, '2016-06-19 18:00:00', 2, 1),
(138, 1, '2016-06-19 20:00:00', 2, 0),
(139, 2, '2016-06-19 12:00:00', 3, 1),
(140, 2, '2016-06-19 14:00:00', 3, 0),
(141, 2, '2016-06-19 16:00:00', 3, 1),
(142, 2, '2016-06-19 18:00:00', 3, 0),
(143, 2, '2016-06-19 20:00:00', 3, 1),
(144, 3, '2016-06-19 12:00:00', 4, 0),
(145, 3, '2016-06-19 14:00:00', 4, 1),
(146, 3, '2016-06-19 16:00:00', 4, 0),
(147, 3, '2016-06-19 18:00:00', 4, 1),
(148, 3, '2016-06-19 20:00:00', 4, 0),
(149, 4, '2016-06-19 12:00:00', 5, 1),
(150, 4, '2016-06-19 14:00:00', 5, 0),
(151, 4, '2016-06-19 16:00:00', 5, 1),
(152, 4, '2016-06-19 18:00:00', 5, 0),
(153, 4, '2016-06-19 20:00:00', 5, 1),
(154, 5, '2016-06-19 12:00:00', 6, 0),
(155, 5, '2016-06-19 14:00:00', 6, 1),
(156, 5, '2016-06-19 16:00:00', 6, 0),
(157, 5, '2016-06-19 18:00:00', 6, 1),
(158, 5, '2016-06-19 20:00:00', 6, 0),
(159, 6, '2016-06-19 12:00:00', 7, 1),
(160, 6, '2016-06-19 14:00:00', 7, 0),
(161, 6, '2016-06-19 16:00:00', 7, 1),
(162, 6, '2016-06-19 18:00:00', 7, 0),
(163, 6, '2016-06-19 20:00:00', 7, 1),
(164, 1, '2016-06-20 12:00:00', 9, 0),
(165, 1, '2016-06-20 14:00:00', 9, 1),
(166, 1, '2016-06-20 16:00:00', 9, 0),
(167, 1, '2016-06-20 18:00:00', 9, 1),
(168, 1, '2016-06-20 20:00:00', 9, 0),
(169, 2, '2016-06-20 12:00:00', 10, 1),
(170, 2, '2016-06-20 14:00:00', 10, 0),
(171, 2, '2016-06-20 16:00:00', 10, 1),
(172, 2, '2016-06-20 18:00:00', 10, 0),
(173, 2, '2016-06-20 20:00:00', 10, 1),
(174, 3, '2016-06-20 12:00:00', 11, 0),
(175, 3, '2016-06-20 14:00:00', 11, 1),
(176, 3, '2016-06-20 16:00:00', 11, 0),
(177, 3, '2016-06-20 18:00:00', 11, 1),
(178, 3, '2016-06-20 20:00:00', 11, 0),
(179, 4, '2016-06-20 12:00:00', 2, 1),
(180, 4, '2016-06-20 14:00:00', 2, 0),
(181, 4, '2016-06-20 16:00:00', 2, 1),
(182, 4, '2016-06-20 18:00:00', 2, 0),
(183, 4, '2016-06-20 20:00:00', 2, 1),
(184, 5, '2016-06-20 12:00:00', 3, 0),
(185, 5, '2016-06-20 14:00:00', 3, 1),
(186, 5, '2016-06-20 16:00:00', 3, 0),
(187, 5, '2016-06-20 18:00:00', 3, 1),
(188, 5, '2016-06-20 20:00:00', 3, 0),
(189, 6, '2016-06-20 12:00:00', 4, 1),
(190, 6, '2016-06-20 14:00:00', 4, 0),
(191, 6, '2016-06-20 16:00:00', 4, 1),
(192, 6, '2016-06-20 18:00:00', 4, 0),
(193, 6, '2016-06-20 20:00:00', 4, 1),
(194, 1, '2016-06-21 12:00:00', 5, 0),
(195, 1, '2016-06-21 14:00:00', 5, 1),
(196, 1, '2016-06-21 16:00:00', 5, 0),
(197, 1, '2016-06-21 18:00:00', 5, 1),
(198, 1, '2016-06-21 20:00:00', 5, 0),
(199, 2, '2016-06-21 12:00:00', 6, 1),
(200, 2, '2016-06-21 14:00:00', 6, 0),
(201, 2, '2016-06-21 16:00:00', 6, 1),
(202, 2, '2016-06-21 18:00:00', 6, 0),
(203, 2, '2016-06-21 20:00:00', 6, 1),
(204, 3, '2016-06-21 12:00:00', 7, 0),
(205, 3, '2016-06-21 14:00:00', 7, 1),
(206, 3, '2016-06-21 16:00:00', 7, 0),
(207, 3, '2016-06-21 18:00:00', 7, 1),
(208, 3, '2016-06-21 20:00:00', 7, 0),
(209, 4, '2016-06-21 12:00:00', 9, 1),
(210, 4, '2016-06-21 14:00:00', 9, 0),
(211, 4, '2016-06-21 16:00:00', 9, 1),
(212, 4, '2016-06-21 18:00:00', 9, 0),
(213, 4, '2016-06-21 20:00:00', 9, 1),
(214, 5, '2016-06-21 12:00:00', 10, 0),
(215, 5, '2016-06-21 14:00:00', 10, 1),
(216, 5, '2016-06-21 16:00:00', 10, 0),
(217, 5, '2016-06-21 18:00:00', 10, 1),
(218, 5, '2016-06-21 20:00:00', 10, 0),
(219, 6, '2016-06-21 12:00:00', 11, 1),
(220, 6, '2016-06-21 14:00:00', 11, 0),
(221, 6, '2016-06-21 16:00:00', 11, 1),
(222, 6, '2016-06-21 18:00:00', 11, 0),
(223, 6, '2016-06-21 20:00:00', 11, 1),
(224, 1, '2016-06-22 12:00:00', 2, 0),
(225, 1, '2016-06-22 14:00:00', 2, 1),
(226, 1, '2016-06-22 16:00:00', 2, 0),
(227, 1, '2016-06-22 18:00:00', 2, 1),
(228, 1, '2016-06-22 20:00:00', 2, 0),
(229, 2, '2016-06-22 12:00:00', 3, 1),
(230, 2, '2016-06-22 14:00:00', 3, 0),
(231, 2, '2016-06-22 16:00:00', 3, 1),
(232, 2, '2016-06-22 18:00:00', 3, 0),
(233, 2, '2016-06-22 20:00:00', 3, 1),
(234, 3, '2016-06-22 12:00:00', 4, 0),
(235, 3, '2016-06-22 14:00:00', 4, 1),
(236, 3, '2016-06-22 16:00:00', 4, 0),
(237, 3, '2016-06-22 18:00:00', 4, 1),
(238, 3, '2016-06-22 20:00:00', 4, 0),
(239, 4, '2016-06-22 12:00:00', 5, 1),
(240, 4, '2016-06-22 14:00:00', 5, 0),
(241, 4, '2016-06-22 16:00:00', 5, 1),
(242, 4, '2016-06-22 18:00:00', 5, 0),
(243, 4, '2016-06-22 20:00:00', 5, 1),
(244, 5, '2016-06-22 12:00:00', 6, 0),
(245, 5, '2016-06-22 14:00:00', 6, 1),
(246, 5, '2016-06-22 16:00:00', 6, 0),
(247, 5, '2016-06-22 18:00:00', 6, 1),
(248, 5, '2016-06-22 20:00:00', 6, 0),
(249, 6, '2016-06-22 12:00:00', 7, 1),
(250, 6, '2016-06-22 14:00:00', 7, 0),
(251, 6, '2016-06-22 16:00:00', 7, 1),
(252, 6, '2016-06-22 18:00:00', 7, 0),
(253, 6, '2016-06-22 20:00:00', 7, 1),
(254, 1, '2016-06-23 12:00:00', 9, 0),
(255, 1, '2016-06-23 14:00:00', 9, 1),
(256, 1, '2016-06-23 16:00:00', 9, 0),
(257, 1, '2016-06-23 18:00:00', 9, 1),
(258, 1, '2016-06-23 20:00:00', 9, 0),
(259, 2, '2016-06-23 12:00:00', 10, 1),
(260, 2, '2016-06-23 14:00:00', 10, 0),
(261, 2, '2016-06-23 16:00:00', 10, 1),
(262, 2, '2016-06-23 18:00:00', 10, 0),
(263, 2, '2016-06-23 20:00:00', 10, 1),
(264, 3, '2016-06-23 12:00:00', 11, 0),
(265, 3, '2016-06-23 14:00:00', 11, 1),
(266, 3, '2016-06-23 16:00:00', 11, 0),
(267, 3, '2016-06-23 18:00:00', 11, 1),
(268, 3, '2016-06-23 20:00:00', 11, 0),
(269, 4, '2016-06-23 12:00:00', 2, 1),
(270, 4, '2016-06-23 14:00:00', 2, 0),
(271, 4, '2016-06-23 16:00:00', 2, 1),
(272, 4, '2016-06-23 18:00:00', 2, 0),
(273, 4, '2016-06-23 20:00:00', 2, 1),
(274, 5, '2016-06-23 12:00:00', 3, 0),
(275, 5, '2016-06-23 14:00:00', 3, 1),
(276, 5, '2016-06-23 16:00:00', 3, 0),
(277, 5, '2016-06-23 18:00:00', 3, 1),
(278, 5, '2016-06-23 20:00:00', 3, 0),
(279, 6, '2016-06-23 12:00:00', 4, 1),
(280, 6, '2016-06-23 14:00:00', 4, 0),
(281, 6, '2016-06-23 16:00:00', 4, 1),
(282, 6, '2016-06-23 18:00:00', 4, 0),
(283, 6, '2016-06-23 20:00:00', 4, 1),
(284, 1, '2016-06-24 12:00:00', 5, 0),
(285, 1, '2016-06-24 14:00:00', 5, 1),
(286, 1, '2016-06-24 16:00:00', 5, 0),
(287, 1, '2016-06-24 18:00:00', 5, 1),
(288, 1, '2016-06-24 20:00:00', 5, 0),
(289, 2, '2016-06-24 12:00:00', 6, 1),
(290, 2, '2016-06-24 14:00:00', 6, 0),
(291, 2, '2016-06-24 16:00:00', 6, 1),
(292, 2, '2016-06-24 18:00:00', 6, 0),
(293, 2, '2016-06-24 20:00:00', 6, 1),
(294, 3, '2016-06-24 12:00:00', 7, 0),
(295, 3, '2016-06-24 14:00:00', 7, 1),
(296, 3, '2016-06-24 16:00:00', 7, 0),
(297, 3, '2016-06-24 18:00:00', 7, 1),
(298, 3, '2016-06-24 20:00:00', 7, 0),
(299, 4, '2016-06-24 12:00:00', 9, 1),
(300, 4, '2016-06-24 14:00:00', 9, 0),
(301, 4, '2016-06-24 16:00:00', 9, 1),
(302, 4, '2016-06-24 18:00:00', 9, 0),
(303, 4, '2016-06-24 20:00:00', 9, 1),
(304, 5, '2016-06-24 12:00:00', 10, 0),
(305, 5, '2016-06-24 14:00:00', 10, 1),
(306, 5, '2016-06-24 16:00:00', 10, 0),
(307, 5, '2016-06-24 18:00:00', 10, 1),
(308, 5, '2016-06-24 20:00:00', 10, 0),
(309, 6, '2016-06-24 12:00:00', 11, 1),
(310, 6, '2016-06-24 14:00:00', 11, 0),
(311, 6, '2016-06-24 16:00:00', 11, 1),
(312, 6, '2016-06-24 18:00:00', 11, 0),
(313, 6, '2016-06-24 20:00:00', 11, 1),
(314, 1, '2016-06-25 12:00:00', 2, 0),
(315, 1, '2016-06-25 14:00:00', 2, 1),
(316, 1, '2016-06-25 16:00:00', 2, 0),
(317, 1, '2016-06-25 18:00:00', 2, 1),
(318, 1, '2016-06-25 20:00:00', 2, 0),
(319, 2, '2016-06-25 12:00:00', 3, 1),
(320, 2, '2016-06-25 14:00:00', 3, 0),
(321, 2, '2016-06-25 16:00:00', 3, 1),
(322, 2, '2016-06-25 18:00:00', 3, 0),
(323, 2, '2016-06-25 20:00:00', 3, 1),
(324, 3, '2016-06-25 12:00:00', 4, 0),
(325, 3, '2016-06-25 14:00:00', 4, 1),
(326, 3, '2016-06-25 16:00:00', 4, 0),
(327, 3, '2016-06-25 18:00:00', 4, 1),
(328, 3, '2016-06-25 20:00:00', 4, 0),
(329, 4, '2016-06-25 12:00:00', 5, 1),
(330, 4, '2016-06-25 14:00:00', 5, 0),
(331, 4, '2016-06-25 16:00:00', 5, 1),
(332, 4, '2016-06-25 18:00:00', 5, 0),
(333, 4, '2016-06-25 20:00:00', 5, 1),
(334, 5, '2016-06-25 12:00:00', 6, 0),
(335, 5, '2016-06-25 14:00:00', 6, 1),
(336, 5, '2016-06-25 16:00:00', 6, 0),
(337, 5, '2016-06-25 18:00:00', 6, 1),
(338, 5, '2016-06-25 20:00:00', 6, 0),
(339, 6, '2016-06-25 12:00:00', 7, 1),
(340, 6, '2016-06-25 14:00:00', 7, 0),
(341, 6, '2016-06-25 16:00:00', 7, 1),
(342, 6, '2016-06-25 18:00:00', 7, 0),
(343, 6, '2016-06-25 20:00:00', 7, 1),
(344, 1, '2016-06-26 12:00:00', 9, 0),
(345, 1, '2016-06-26 14:00:00', 9, 1),
(346, 1, '2016-06-26 16:00:00', 9, 0),
(347, 1, '2016-06-26 18:00:00', 9, 1),
(348, 1, '2016-06-26 20:00:00', 9, 0),
(349, 2, '2016-06-26 12:00:00', 10, 1),
(350, 2, '2016-06-26 14:00:00', 10, 0),
(351, 2, '2016-06-26 16:00:00', 10, 1),
(352, 2, '2016-06-26 18:00:00', 10, 0),
(353, 2, '2016-06-26 20:00:00', 10, 1),
(354, 3, '2016-06-26 12:00:00', 11, 0),
(355, 3, '2016-06-26 14:00:00', 11, 1),
(356, 3, '2016-06-26 16:00:00', 11, 0),
(357, 3, '2016-06-26 18:00:00', 11, 1),
(358, 3, '2016-06-26 20:00:00', 11, 0),
(359, 4, '2016-06-26 12:00:00', 2, 1),
(360, 4, '2016-06-26 14:00:00', 2, 0),
(361, 4, '2016-06-26 16:00:00', 2, 1),
(362, 4, '2016-06-26 18:00:00', 2, 0),
(363, 4, '2016-06-26 20:00:00', 2, 1),
(364, 5, '2016-06-26 12:00:00', 3, 0),
(365, 5, '2016-06-26 14:00:00', 3, 1),
(366, 5, '2016-06-26 16:00:00', 3, 0),
(367, 5, '2016-06-26 18:00:00', 3, 1),
(368, 5, '2016-06-26 20:00:00', 3, 0),
(369, 6, '2016-06-26 12:00:00', 4, 1),
(370, 6, '2016-06-26 14:00:00', 4, 0),
(371, 6, '2016-06-26 16:00:00', 4, 1),
(372, 6, '2016-06-26 18:00:00', 4, 0),
(373, 6, '2016-06-26 20:00:00', 4, 1),
(374, 1, '2016-06-27 12:00:00', 5, 0),
(375, 1, '2016-06-27 14:00:00', 5, 1),
(376, 1, '2016-06-27 16:00:00', 5, 0),
(377, 1, '2016-06-27 18:00:00', 5, 1),
(378, 1, '2016-06-27 20:00:00', 5, 0),
(379, 2, '2016-06-27 12:00:00', 6, 1),
(380, 2, '2016-06-27 14:00:00', 6, 0),
(381, 2, '2016-06-27 16:00:00', 6, 1),
(382, 2, '2016-06-27 18:00:00', 6, 0),
(383, 2, '2016-06-27 20:00:00', 6, 1),
(384, 3, '2016-06-27 12:00:00', 7, 0),
(385, 3, '2016-06-27 14:00:00', 7, 1),
(386, 3, '2016-06-27 16:00:00', 7, 0),
(387, 3, '2016-06-27 18:00:00', 7, 1),
(388, 3, '2016-06-27 20:00:00', 7, 0),
(389, 4, '2016-06-27 12:00:00', 9, 1),
(390, 4, '2016-06-27 14:00:00', 9, 0),
(391, 4, '2016-06-27 16:00:00', 9, 1),
(392, 4, '2016-06-27 18:00:00', 9, 0),
(393, 4, '2016-06-27 20:00:00', 9, 1),
(394, 5, '2016-06-27 12:00:00', 10, 0),
(395, 5, '2016-06-27 14:00:00', 10, 1),
(396, 5, '2016-06-27 16:00:00', 10, 0),
(397, 5, '2016-06-27 18:00:00', 10, 1),
(398, 5, '2016-06-27 20:00:00', 10, 0),
(399, 6, '2016-06-27 12:00:00', 11, 1),
(400, 6, '2016-06-27 14:00:00', 11, 0),
(401, 6, '2016-06-27 16:00:00', 11, 1),
(402, 6, '2016-06-27 18:00:00', 11, 0),
(403, 6, '2016-06-27 20:00:00', 11, 1),
(404, 1, '2016-06-28 12:00:00', 2, 0),
(405, 1, '2016-06-28 14:00:00', 2, 1),
(406, 1, '2016-06-28 16:00:00', 2, 0),
(407, 1, '2016-06-28 18:00:00', 2, 1),
(408, 1, '2016-06-28 20:00:00', 2, 0),
(409, 2, '2016-06-28 12:00:00', 3, 1),
(410, 2, '2016-06-28 14:00:00', 3, 0),
(411, 2, '2016-06-28 16:00:00', 3, 1),
(412, 2, '2016-06-28 18:00:00', 3, 0),
(413, 2, '2016-06-28 20:00:00', 3, 1),
(414, 3, '2016-06-28 12:00:00', 4, 0),
(415, 3, '2016-06-28 14:00:00', 4, 1),
(416, 3, '2016-06-28 16:00:00', 4, 0),
(417, 3, '2016-06-28 18:00:00', 4, 1),
(418, 3, '2016-06-28 20:00:00', 4, 0),
(419, 4, '2016-06-28 12:00:00', 5, 1),
(420, 4, '2016-06-28 14:00:00', 5, 0),
(421, 4, '2016-06-28 16:00:00', 5, 1),
(422, 4, '2016-06-28 18:00:00', 5, 0),
(423, 4, '2016-06-28 20:00:00', 5, 1),
(424, 5, '2016-06-28 12:00:00', 6, 0),
(425, 5, '2016-06-28 14:00:00', 6, 1),
(426, 5, '2016-06-28 16:00:00', 6, 0),
(427, 5, '2016-06-28 18:00:00', 6, 1),
(428, 5, '2016-06-28 20:00:00', 6, 0),
(429, 6, '2016-06-28 12:00:00', 7, 1),
(430, 6, '2016-06-28 14:00:00', 7, 0),
(431, 6, '2016-06-28 16:00:00', 7, 1),
(432, 6, '2016-06-28 18:00:00', 7, 0),
(433, 6, '2016-06-28 20:00:00', 7, 1),
(434, 1, '2016-06-29 12:00:00', 9, 0),
(435, 1, '2016-06-29 14:00:00', 9, 1),
(436, 1, '2016-06-29 16:00:00', 9, 0),
(437, 1, '2016-06-29 18:00:00', 9, 1),
(438, 1, '2016-06-29 20:00:00', 9, 0),
(439, 2, '2016-06-29 12:00:00', 10, 1),
(440, 2, '2016-06-29 14:00:00', 10, 0),
(441, 2, '2016-06-29 16:00:00', 10, 1),
(442, 2, '2016-06-29 18:00:00', 10, 0),
(443, 2, '2016-06-29 20:00:00', 10, 1),
(444, 3, '2016-06-29 12:00:00', 11, 0),
(445, 3, '2016-06-29 14:00:00', 11, 1),
(446, 3, '2016-06-29 16:00:00', 11, 0),
(447, 3, '2016-06-29 18:00:00', 11, 1),
(448, 3, '2016-06-29 20:00:00', 11, 0),
(449, 4, '2016-06-29 12:00:00', 2, 1),
(450, 4, '2016-06-29 14:00:00', 2, 0),
(451, 4, '2016-06-29 16:00:00', 2, 1),
(452, 4, '2016-06-29 18:00:00', 2, 0),
(453, 4, '2016-06-29 20:00:00', 2, 1),
(454, 5, '2016-06-29 12:00:00', 3, 0),
(455, 5, '2016-06-29 14:00:00', 3, 1),
(456, 5, '2016-06-29 16:00:00', 3, 0),
(457, 5, '2016-06-29 18:00:00', 3, 1),
(458, 5, '2016-06-29 20:00:00', 3, 0),
(459, 6, '2016-06-29 12:00:00', 4, 1),
(460, 6, '2016-06-29 14:00:00', 4, 0),
(461, 6, '2016-06-29 16:00:00', 4, 1),
(462, 6, '2016-06-29 18:00:00', 4, 0),
(463, 6, '2016-06-29 20:00:00', 4, 1),
(464, 1, '2016-06-30 12:00:00', 5, 0),
(465, 1, '2016-07-01 14:00:00', 5, 1),
(466, 1, '2016-07-01 16:00:00', 5, 0),
(467, 1, '2016-07-01 18:00:00', 5, 1),
(468, 1, '2016-07-01 20:00:00', 5, 0),
(469, 2, '2016-07-01 12:00:00', 6, 1),
(470, 2, '2016-07-01 14:00:00', 6, 0),
(471, 2, '2016-07-01 16:00:00', 6, 1),
(472, 2, '2016-07-01 18:00:00', 6, 0),
(473, 2, '2016-07-01 20:00:00', 6, 1),
(474, 3, '2016-07-01 12:00:00', 7, 0),
(475, 3, '2016-07-01 14:00:00', 7, 1),
(476, 3, '2016-07-01 16:00:00', 7, 0),
(477, 3, '2016-07-01 18:00:00', 7, 1),
(478, 3, '2016-07-01 20:00:00', 7, 0),
(479, 4, '2016-07-01 12:00:00', 9, 1),
(480, 4, '2016-07-01 14:00:00', 9, 0),
(481, 4, '2016-07-01 16:00:00', 9, 1),
(482, 4, '2016-07-01 18:00:00', 9, 0),
(483, 4, '2016-07-01 20:00:00', 9, 1),
(484, 5, '2016-07-01 12:00:00', 10, 0),
(485, 5, '2016-07-01 14:00:00', 10, 1),
(486, 5, '2016-07-01 16:00:00', 10, 0),
(487, 5, '2016-07-01 18:00:00', 10, 1),
(488, 5, '2016-07-01 20:00:00', 10, 0),
(489, 6, '2016-07-01 12:00:00', 11, 1),
(490, 6, '2016-07-01 14:00:00', 11, 0),
(491, 6, '2016-07-01 16:00:00', 11, 1),
(492, 6, '2016-07-01 18:00:00', 11, 0),
(493, 6, '2016-07-01 20:00:00', 11, 1),
(494, 1, '2016-07-02 12:00:00', 2, 0),
(495, 1, '2016-07-02 14:00:00', 2, 1),
(496, 1, '2016-07-02 16:00:00', 2, 0),
(497, 1, '2016-07-02 18:00:00', 2, 1),
(498, 1, '2016-07-02 20:00:00', 2, 0),
(499, 2, '2016-07-02 12:00:00', 3, 1),
(500, 2, '2016-07-02 14:00:00', 3, 0),
(501, 2, '2016-07-02 16:00:00', 3, 1),
(502, 2, '2016-07-02 18:00:00', 3, 0),
(503, 2, '2016-07-02 20:00:00', 3, 1),
(504, 3, '2016-07-02 12:00:00', 4, 0),
(505, 3, '2016-07-02 14:00:00', 4, 1),
(506, 3, '2016-07-02 16:00:00', 4, 0),
(507, 3, '2016-07-02 18:00:00', 4, 1),
(508, 3, '2016-07-02 20:00:00', 4, 0),
(509, 4, '2016-07-02 12:00:00', 5, 1),
(510, 4, '2016-07-02 14:00:00', 5, 0),
(511, 4, '2016-07-02 16:00:00', 5, 1),
(512, 4, '2016-07-02 18:00:00', 5, 0),
(513, 4, '2016-07-02 20:00:00', 5, 1),
(514, 5, '2016-07-02 12:00:00', 6, 0),
(515, 5, '2016-07-02 14:00:00', 6, 1),
(516, 5, '2016-07-02 16:00:00', 6, 0),
(517, 5, '2016-07-02 18:00:00', 6, 1),
(518, 5, '2016-07-02 20:00:00', 6, 0),
(519, 6, '2016-07-02 12:00:00', 7, 1),
(520, 6, '2016-07-02 14:00:00', 7, 0),
(521, 6, '2016-07-02 16:00:00', 7, 1),
(522, 6, '2016-07-02 18:00:00', 7, 0),
(523, 6, '2016-07-02 20:00:00', 7, 1),
(524, 1, '2016-07-03 12:00:00', 9, 0),
(525, 1, '2016-07-03 14:00:00', 9, 1),
(526, 1, '2016-07-03 16:00:00', 9, 0),
(527, 1, '2016-07-03 18:00:00', 9, 1),
(528, 1, '2016-07-03 20:00:00', 9, 0),
(529, 2, '2016-07-03 12:00:00', 10, 1),
(530, 2, '2016-07-03 14:00:00', 10, 0),
(531, 2, '2016-07-03 16:00:00', 10, 1),
(532, 2, '2016-07-03 18:00:00', 10, 0),
(533, 2, '2016-07-03 20:00:00', 10, 1),
(534, 3, '2016-07-03 12:00:00', 11, 0),
(535, 3, '2016-07-03 14:00:00', 11, 1),
(536, 3, '2016-07-03 16:00:00', 11, 0),
(537, 3, '2016-07-03 18:00:00', 11, 1),
(538, 3, '2016-07-03 20:00:00', 11, 0),
(539, 4, '2016-07-03 12:00:00', 2, 1),
(540, 4, '2016-07-03 14:00:00', 2, 0),
(541, 4, '2016-07-03 16:00:00', 2, 1),
(542, 4, '2016-07-03 18:00:00', 2, 0),
(543, 4, '2016-07-03 20:00:00', 2, 1),
(544, 5, '2016-07-03 12:00:00', 3, 0),
(545, 5, '2016-07-03 14:00:00', 3, 1),
(546, 5, '2016-07-03 16:00:00', 3, 0),
(547, 5, '2016-07-03 18:00:00', 3, 1),
(548, 5, '2016-07-03 20:00:00', 3, 0),
(549, 6, '2016-07-03 12:00:00', 4, 1),
(550, 6, '2016-07-03 14:00:00', 4, 0),
(551, 6, '2016-07-03 16:00:00', 4, 1),
(552, 6, '2016-07-03 18:00:00', 4, 0),
(553, 6, '2016-07-03 20:00:00', 4, 1),
(554, 1, '2016-07-04 12:00:00', 5, 0),
(555, 1, '2016-07-04 14:00:00', 5, 1),
(556, 1, '2016-07-04 16:00:00', 5, 0),
(557, 1, '2016-07-04 18:00:00', 5, 1),
(558, 1, '2016-07-04 20:00:00', 5, 0),
(559, 2, '2016-07-04 12:00:00', 6, 1),
(560, 2, '2016-07-04 14:00:00', 6, 0),
(561, 2, '2016-07-04 16:00:00', 6, 1),
(562, 2, '2016-07-04 18:00:00', 6, 0),
(563, 2, '2016-07-04 20:00:00', 6, 1),
(564, 3, '2016-07-04 12:00:00', 7, 0),
(565, 3, '2016-07-04 14:00:00', 7, 1),
(566, 3, '2016-07-04 16:00:00', 7, 0),
(567, 3, '2016-07-04 18:00:00', 7, 1),
(568, 3, '2016-07-04 20:00:00', 7, 0),
(569, 4, '2016-07-04 12:00:00', 9, 1),
(570, 4, '2016-07-04 14:00:00', 9, 0),
(571, 4, '2016-07-04 16:00:00', 9, 1),
(572, 4, '2016-07-04 18:00:00', 9, 0),
(573, 4, '2016-07-04 20:00:00', 9, 1),
(574, 5, '2016-07-04 12:00:00', 10, 0),
(575, 5, '2016-07-04 14:00:00', 10, 1),
(576, 5, '2016-07-04 16:00:00', 10, 0),
(577, 5, '2016-07-04 18:00:00', 10, 1),
(578, 5, '2016-07-04 20:00:00', 10, 0),
(579, 6, '2016-07-04 12:00:00', 11, 1),
(580, 6, '2016-07-04 14:00:00', 11, 0),
(581, 6, '2016-07-04 16:00:00', 11, 1),
(582, 6, '2016-07-04 18:00:00', 11, 0),
(583, 6, '2016-07-04 20:00:00', 11, 1),
(584, 1, '2016-07-05 12:00:00', 2, 0),
(585, 1, '2016-07-05 14:00:00', 2, 1),
(586, 1, '2016-07-05 16:00:00', 2, 0),
(587, 1, '2016-07-05 18:00:00', 2, 1),
(588, 1, '2016-07-05 20:00:00', 2, 0),
(589, 2, '2016-07-05 12:00:00', 3, 1),
(590, 2, '2016-07-05 14:00:00', 3, 0),
(591, 2, '2016-07-05 16:00:00', 3, 1),
(592, 2, '2016-07-05 18:00:00', 3, 0),
(593, 2, '2016-07-05 20:00:00', 3, 1),
(594, 3, '2016-07-05 12:00:00', 4, 0),
(595, 3, '2016-07-05 14:00:00', 4, 1),
(596, 3, '2016-07-05 16:00:00', 4, 0),
(597, 3, '2016-07-05 18:00:00', 4, 1),
(598, 3, '2016-07-05 20:00:00', 4, 0),
(599, 4, '2016-07-05 12:00:00', 5, 1),
(600, 4, '2016-07-05 14:00:00', 5, 0),
(601, 4, '2016-07-05 16:00:00', 5, 1),
(602, 4, '2016-07-05 18:00:00', 5, 0),
(603, 4, '2016-07-05 20:00:00', 5, 1),
(604, 5, '2016-07-05 12:00:00', 6, 0),
(605, 5, '2016-07-05 14:00:00', 6, 1),
(606, 5, '2016-07-05 16:00:00', 6, 0),
(607, 5, '2016-07-05 18:00:00', 6, 1),
(608, 5, '2016-07-05 20:00:00', 6, 0),
(609, 6, '2016-07-05 12:00:00', 7, 1),
(610, 6, '2016-07-05 14:00:00', 7, 0),
(611, 6, '2016-07-05 16:00:00', 7, 1),
(612, 6, '2016-07-05 18:00:00', 7, 0),
(613, 6, '2016-07-05 20:00:00', 7, 1),
(614, 1, '2016-07-06 12:00:00', 9, 0),
(615, 1, '2016-07-06 14:00:00', 9, 1),
(616, 1, '2016-07-06 16:00:00', 9, 0),
(617, 1, '2016-07-06 18:00:00', 9, 1),
(618, 1, '2016-07-06 20:00:00', 9, 0),
(619, 2, '2016-07-06 12:00:00', 10, 1),
(620, 2, '2016-07-06 14:00:00', 10, 0),
(621, 2, '2016-07-06 16:00:00', 10, 1),
(622, 2, '2016-07-06 18:00:00', 10, 0),
(623, 2, '2016-07-06 20:00:00', 10, 1),
(624, 3, '2016-07-06 12:00:00', 11, 0),
(625, 3, '2016-07-06 14:00:00', 11, 1),
(626, 3, '2016-07-06 16:00:00', 11, 0),
(627, 3, '2016-07-06 18:00:00', 11, 1),
(628, 3, '2016-07-06 20:00:00', 11, 0),
(629, 4, '2016-07-06 12:00:00', 2, 1),
(630, 4, '2016-07-06 14:00:00', 2, 0),
(631, 4, '2016-07-06 16:00:00', 2, 1),
(632, 4, '2016-07-06 18:00:00', 2, 0),
(633, 4, '2016-07-06 20:00:00', 2, 1),
(634, 5, '2016-07-06 12:00:00', 3, 0),
(635, 5, '2016-07-06 14:00:00', 3, 1),
(636, 5, '2016-07-06 16:00:00', 3, 0),
(637, 5, '2016-07-06 18:00:00', 3, 1),
(638, 5, '2016-07-06 20:00:00', 3, 0),
(639, 6, '2016-07-06 12:00:00', 4, 1),
(640, 6, '2016-07-06 14:00:00', 4, 0),
(641, 6, '2016-07-06 16:00:00', 4, 1),
(642, 6, '2016-07-06 18:00:00', 4, 0),
(643, 6, '2016-07-06 20:00:00', 4, 1),
(644, 1, '2016-07-07 12:00:00', 5, 0),
(645, 1, '2016-07-07 14:00:00', 5, 1),
(646, 1, '2016-07-07 16:00:00', 5, 0),
(647, 1, '2016-07-07 18:00:00', 5, 1),
(648, 1, '2016-07-07 20:00:00', 5, 0),
(649, 2, '2016-07-07 12:00:00', 6, 1),
(650, 2, '2016-07-07 14:00:00', 6, 0),
(651, 2, '2016-07-07 16:00:00', 6, 1),
(652, 2, '2016-07-07 18:00:00', 6, 0),
(653, 2, '2016-07-07 20:00:00', 6, 1),
(654, 3, '2016-07-07 12:00:00', 7, 0),
(655, 3, '2016-07-07 14:00:00', 7, 1),
(656, 3, '2016-07-07 16:00:00', 7, 0),
(657, 3, '2016-07-07 18:00:00', 7, 1),
(658, 3, '2016-07-07 20:00:00', 7, 0),
(659, 4, '2016-07-07 12:00:00', 9, 1),
(660, 4, '2016-07-07 14:00:00', 9, 0),
(661, 4, '2016-07-07 16:00:00', 9, 1),
(662, 4, '2016-07-07 18:00:00', 9, 0),
(663, 4, '2016-07-07 20:00:00', 9, 1),
(664, 5, '2016-07-07 12:00:00', 10, 0),
(665, 5, '2016-07-07 14:00:00', 10, 1),
(666, 5, '2016-07-07 16:00:00', 10, 0),
(667, 5, '2016-07-07 18:00:00', 10, 1),
(668, 5, '2016-07-07 20:00:00', 10, 0),
(669, 6, '2016-07-07 12:00:00', 11, 1),
(670, 6, '2016-07-07 14:00:00', 11, 0),
(671, 6, '2016-07-07 16:00:00', 11, 1),
(672, 6, '2016-07-07 18:00:00', 11, 0),
(673, 6, '2016-07-07 20:00:00', 11, 1),
(674, 1, '2016-07-08 12:00:00', 2, 0),
(675, 1, '2016-07-08 14:00:00', 2, 1),
(676, 1, '2016-07-08 16:00:00', 2, 0),
(677, 1, '2016-07-08 18:00:00', 2, 1),
(678, 1, '2016-07-08 20:00:00', 2, 0),
(679, 2, '2016-07-08 12:00:00', 3, 1),
(680, 2, '2016-07-08 14:00:00', 3, 0),
(681, 2, '2016-07-08 16:00:00', 3, 1),
(682, 2, '2016-07-08 18:00:00', 3, 0),
(683, 2, '2016-07-08 20:00:00', 3, 1),
(684, 3, '2016-07-08 12:00:00', 4, 0),
(685, 3, '2016-07-08 14:00:00', 4, 1),
(686, 3, '2016-07-08 16:00:00', 4, 0),
(687, 3, '2016-07-08 18:00:00', 4, 1),
(688, 3, '2016-07-08 20:00:00', 4, 0),
(689, 4, '2016-07-08 12:00:00', 5, 1),
(690, 4, '2016-07-08 14:00:00', 5, 0),
(691, 4, '2016-07-08 16:00:00', 5, 1),
(692, 4, '2016-07-08 18:00:00', 5, 0),
(693, 4, '2016-07-08 20:00:00', 5, 1),
(694, 5, '2016-07-08 12:00:00', 6, 0),
(695, 5, '2016-07-08 14:00:00', 6, 1),
(696, 5, '2016-07-08 16:00:00', 6, 0),
(697, 5, '2016-07-08 18:00:00', 6, 1),
(698, 5, '2016-07-08 20:00:00', 6, 0),
(699, 6, '2016-07-08 12:00:00', 7, 1),
(700, 6, '2016-07-08 14:00:00', 7, 0),
(701, 6, '2016-07-08 16:00:00', 7, 1),
(702, 6, '2016-07-08 18:00:00', 7, 0),
(703, 6, '2016-07-08 20:00:00', 7, 1),
(704, 1, '2016-07-09 12:00:00', 9, 0),
(705, 1, '2016-07-09 14:00:00', 9, 1),
(706, 1, '2016-07-09 16:00:00', 9, 0),
(707, 1, '2016-07-09 18:00:00', 9, 1),
(708, 1, '2016-07-09 20:00:00', 9, 0),
(709, 2, '2016-07-09 12:00:00', 10, 1),
(710, 2, '2016-07-09 14:00:00', 10, 0),
(711, 2, '2016-07-09 16:00:00', 10, 1),
(712, 2, '2016-07-09 18:00:00', 10, 0),
(713, 2, '2016-07-09 20:00:00', 10, 1),
(714, 3, '2016-07-09 12:00:00', 11, 0),
(715, 3, '2016-07-09 14:00:00', 11, 1),
(716, 3, '2016-07-09 16:00:00', 11, 0),
(717, 3, '2016-07-09 18:00:00', 11, 1),
(718, 3, '2016-07-09 20:00:00', 11, 0),
(719, 4, '2016-07-09 12:00:00', 2, 1),
(720, 4, '2016-07-09 14:00:00', 2, 0),
(721, 4, '2016-07-09 16:00:00', 2, 1),
(722, 4, '2016-07-09 18:00:00', 2, 0),
(723, 4, '2016-07-09 20:00:00', 2, 1),
(724, 5, '2016-07-09 12:00:00', 3, 0),
(725, 5, '2016-07-09 14:00:00', 3, 1),
(726, 5, '2016-07-09 16:00:00', 3, 0),
(727, 5, '2016-07-09 18:00:00', 3, 1),
(728, 5, '2016-07-09 20:00:00', 3, 0),
(729, 6, '2016-07-09 12:00:00', 4, 1),
(730, 6, '2016-07-09 14:00:00', 4, 0),
(731, 6, '2016-07-09 16:00:00', 4, 1),
(732, 6, '2016-07-09 18:00:00', 4, 0),
(733, 6, '2016-07-09 20:00:00', 4, 1),
(734, 1, '2016-07-10 12:00:00', 5, 0),
(735, 1, '2016-07-10 14:00:00', 5, 1),
(736, 1, '2016-07-10 16:00:00', 5, 0),
(737, 1, '2016-07-10 18:00:00', 5, 1),
(738, 1, '2016-07-10 20:00:00', 5, 0),
(739, 2, '2016-07-10 12:00:00', 6, 1),
(740, 2, '2016-07-10 14:00:00', 6, 0),
(741, 2, '2016-07-10 16:00:00', 6, 1),
(742, 2, '2016-07-10 18:00:00', 6, 0),
(743, 2, '2016-07-10 20:00:00', 6, 1),
(744, 3, '2016-07-10 12:00:00', 7, 0),
(745, 3, '2016-07-10 14:00:00', 7, 1),
(746, 3, '2016-07-10 16:00:00', 7, 0),
(747, 3, '2016-07-10 18:00:00', 7, 1),
(748, 3, '2016-07-10 20:00:00', 7, 0),
(749, 4, '2016-07-10 12:00:00', 9, 1),
(750, 4, '2016-07-10 14:00:00', 9, 0),
(751, 4, '2016-07-10 16:00:00', 9, 1),
(752, 4, '2016-07-10 18:00:00', 9, 0),
(753, 4, '2016-07-10 20:00:00', 9, 1),
(754, 5, '2016-07-10 12:00:00', 10, 0),
(755, 5, '2016-07-10 14:00:00', 10, 1),
(756, 5, '2016-07-10 16:00:00', 10, 0),
(757, 5, '2016-07-10 18:00:00', 10, 1),
(758, 5, '2016-07-10 20:00:00', 10, 0),
(759, 6, '2016-07-10 12:00:00', 11, 1),
(760, 6, '2016-07-10 14:00:00', 11, 0),
(761, 6, '2016-07-10 16:00:00', 11, 1),
(762, 6, '2016-07-10 18:00:00', 11, 0),
(763, 6, '2016-07-10 20:00:00', 11, 1),
(764, 1, '2016-07-11 12:00:00', 2, 0),
(765, 1, '2016-07-11 14:00:00', 2, 1),
(766, 1, '2016-07-11 16:00:00', 2, 0),
(767, 1, '2016-07-11 18:00:00', 2, 1),
(768, 1, '2016-07-11 20:00:00', 2, 0),
(769, 2, '2016-07-11 12:00:00', 3, 1),
(770, 2, '2016-07-11 14:00:00', 3, 0),
(771, 2, '2016-07-11 16:00:00', 3, 1),
(772, 2, '2016-07-11 18:00:00', 3, 0),
(773, 2, '2016-07-11 20:00:00', 3, 1),
(774, 3, '2016-07-11 12:00:00', 4, 0),
(775, 3, '2016-07-11 14:00:00', 4, 1),
(776, 3, '2016-07-11 16:00:00', 4, 0),
(777, 3, '2016-07-11 18:00:00', 4, 1),
(778, 3, '2016-07-11 20:00:00', 4, 0),
(779, 4, '2016-07-11 12:00:00', 5, 1),
(780, 4, '2016-07-11 14:00:00', 5, 0),
(781, 4, '2016-07-11 16:00:00', 5, 1),
(782, 4, '2016-07-11 18:00:00', 5, 0),
(783, 4, '2016-07-11 20:00:00', 5, 1),
(784, 5, '2016-07-11 12:00:00', 6, 0),
(785, 5, '2016-07-11 14:00:00', 6, 1),
(786, 5, '2016-07-11 16:00:00', 6, 0),
(787, 5, '2016-07-11 18:00:00', 6, 1),
(788, 5, '2016-07-11 20:00:00', 6, 0),
(789, 6, '2016-07-11 12:00:00', 7, 1),
(790, 6, '2016-07-11 14:00:00', 7, 0),
(791, 6, '2016-07-11 16:00:00', 7, 1),
(792, 6, '2016-07-11 18:00:00', 7, 0),
(793, 6, '2016-07-11 20:00:00', 7, 1),
(794, 1, '2016-07-12 12:00:00', 9, 0),
(795, 1, '2016-07-12 14:00:00', 9, 1),
(796, 1, '2016-07-12 16:00:00', 9, 0),
(797, 1, '2016-07-12 18:00:00', 9, 1),
(798, 1, '2016-07-12 20:00:00', 9, 0),
(799, 2, '2016-07-12 12:00:00', 10, 1),
(800, 2, '2016-07-12 14:00:00', 10, 0),
(801, 2, '2016-07-12 16:00:00', 10, 1),
(802, 2, '2016-07-12 18:00:00', 10, 0),
(803, 2, '2016-07-12 20:00:00', 10, 1),
(804, 3, '2016-07-12 12:00:00', 11, 0),
(805, 3, '2016-07-12 14:00:00', 11, 1),
(806, 3, '2016-07-12 16:00:00', 11, 0),
(807, 3, '2016-07-12 18:00:00', 11, 1),
(808, 3, '2016-07-12 20:00:00', 11, 0),
(809, 4, '2016-07-12 12:00:00', 2, 1),
(810, 4, '2016-07-12 14:00:00', 2, 0),
(811, 4, '2016-07-12 16:00:00', 2, 1),
(812, 4, '2016-07-12 18:00:00', 2, 0),
(813, 4, '2016-07-12 20:00:00', 2, 1),
(814, 5, '2016-07-12 12:00:00', 3, 0),
(815, 5, '2016-07-12 14:00:00', 3, 1),
(816, 5, '2016-07-12 16:00:00', 3, 0),
(817, 5, '2016-07-12 18:00:00', 3, 1),
(818, 5, '2016-07-12 20:00:00', 3, 0),
(819, 6, '2016-07-12 12:00:00', 4, 1),
(820, 6, '2016-07-12 14:00:00', 4, 0),
(821, 6, '2016-07-12 16:00:00', 4, 1),
(822, 6, '2016-07-12 18:00:00', 4, 0),
(823, 6, '2016-07-12 20:00:00', 4, 1),
(824, 1, '2016-07-13 12:00:00', 5, 0),
(825, 1, '2016-07-13 14:00:00', 5, 1),
(826, 1, '2016-07-13 16:00:00', 5, 0),
(827, 1, '2016-07-13 18:00:00', 5, 1),
(828, 1, '2016-07-13 20:00:00', 5, 0),
(829, 2, '2016-07-13 12:00:00', 6, 1),
(830, 2, '2016-07-13 14:00:00', 6, 0),
(831, 2, '2016-07-13 16:00:00', 6, 1),
(832, 2, '2016-07-13 18:00:00', 6, 0),
(833, 2, '2016-07-13 20:00:00', 6, 1),
(834, 3, '2016-07-13 12:00:00', 7, 0),
(835, 3, '2016-07-13 14:00:00', 7, 1),
(836, 3, '2016-07-13 16:00:00', 7, 0),
(837, 3, '2016-07-13 18:00:00', 7, 1),
(838, 3, '2016-07-13 20:00:00', 7, 0),
(839, 4, '2016-07-13 12:00:00', 9, 1),
(840, 4, '2016-07-13 14:00:00', 9, 0),
(841, 4, '2016-07-13 16:00:00', 9, 1),
(842, 4, '2016-07-13 18:00:00', 9, 0),
(843, 4, '2016-07-13 20:00:00', 9, 1),
(844, 5, '2016-07-13 12:00:00', 10, 0),
(845, 5, '2016-07-13 14:00:00', 10, 1),
(846, 5, '2016-07-13 16:00:00', 10, 0),
(847, 5, '2016-07-13 18:00:00', 10, 1),
(848, 5, '2016-07-13 20:00:00', 10, 0),
(849, 6, '2016-07-13 12:00:00', 11, 1),
(850, 6, '2016-07-13 14:00:00', 11, 0),
(851, 6, '2016-07-13 16:00:00', 11, 1),
(852, 6, '2016-07-13 18:00:00', 11, 0),
(853, 6, '2016-07-13 20:00:00', 11, 1),
(854, 1, '2016-07-14 12:00:00', 2, 0),
(855, 1, '2016-07-14 14:00:00', 2, 1),
(856, 1, '2016-07-14 16:00:00', 2, 0),
(857, 1, '2016-07-14 18:00:00', 2, 1),
(858, 1, '2016-07-14 20:00:00', 2, 0),
(859, 2, '2016-07-14 12:00:00', 3, 1),
(860, 2, '2016-07-14 14:00:00', 3, 0),
(861, 2, '2016-07-14 16:00:00', 3, 1),
(862, 2, '2016-07-14 18:00:00', 3, 0),
(863, 2, '2016-07-14 20:00:00', 3, 1),
(864, 3, '2016-07-14 12:00:00', 4, 0),
(865, 3, '2016-07-14 14:00:00', 4, 1),
(866, 3, '2016-07-14 16:00:00', 4, 0),
(867, 3, '2016-07-14 18:00:00', 4, 1),
(868, 3, '2016-07-14 20:00:00', 4, 0),
(869, 4, '2016-07-14 12:00:00', 5, 1),
(870, 4, '2016-07-14 14:00:00', 5, 0),
(871, 4, '2016-07-14 16:00:00', 5, 1),
(872, 4, '2016-07-14 18:00:00', 5, 0),
(873, 4, '2016-07-14 20:00:00', 5, 1),
(874, 5, '2016-07-14 12:00:00', 6, 0),
(875, 5, '2016-07-14 14:00:00', 6, 1),
(876, 5, '2016-07-14 16:00:00', 6, 0),
(877, 5, '2016-07-14 18:00:00', 6, 1),
(878, 5, '2016-07-14 20:00:00', 6, 0),
(879, 6, '2016-07-14 12:00:00', 7, 1),
(880, 6, '2016-07-14 14:00:00', 7, 0),
(881, 6, '2016-07-14 16:00:00', 7, 1),
(882, 6, '2016-07-14 18:00:00', 7, 0),
(883, 6, '2016-07-14 20:00:00', 7, 1),
(884, 1, '2016-07-15 12:00:00', 9, 0),
(885, 1, '2016-07-15 14:00:00', 9, 1),
(886, 1, '2016-07-15 16:00:00', 9, 0),
(887, 1, '2016-07-15 18:00:00', 9, 1),
(888, 1, '2016-07-15 20:00:00', 9, 0),
(889, 2, '2016-07-15 12:00:00', 10, 1),
(890, 2, '2016-07-15 14:00:00', 10, 0),
(891, 2, '2016-07-15 16:00:00', 10, 1),
(892, 2, '2016-07-15 18:00:00', 10, 0),
(893, 2, '2016-07-15 20:00:00', 10, 1),
(894, 3, '2016-07-15 12:00:00', 11, 0),
(895, 3, '2016-07-15 14:00:00', 11, 1),
(896, 3, '2016-07-15 16:00:00', 11, 0),
(897, 3, '2016-07-15 18:00:00', 11, 1),
(898, 3, '2016-07-15 20:00:00', 11, 0),
(899, 4, '2016-07-15 12:00:00', 2, 1),
(900, 4, '2016-07-15 14:00:00', 2, 0),
(901, 4, '2016-07-15 16:00:00', 2, 1),
(902, 4, '2016-07-15 18:00:00', 2, 0),
(903, 4, '2016-07-15 20:00:00', 2, 1),
(904, 5, '2016-07-15 12:00:00', 3, 0),
(905, 5, '2016-07-15 14:00:00', 3, 1),
(906, 5, '2016-07-15 16:00:00', 3, 0),
(907, 5, '2016-07-15 18:00:00', 3, 1),
(908, 5, '2016-07-15 20:00:00', 3, 0),
(909, 6, '2016-07-15 12:00:00', 4, 1),
(910, 6, '2016-07-15 14:00:00', 4, 0),
(911, 6, '2016-07-15 16:00:00', 4, 1),
(912, 6, '2016-07-15 18:00:00', 4, 0),
(913, 6, '2016-07-15 20:00:00', 4, 1),
(914, 1, '2016-07-16 12:00:00', 5, 0),
(915, 1, '2016-07-16 14:00:00', 5, 1),
(916, 1, '2016-07-16 16:00:00', 5, 0),
(917, 1, '2016-07-16 18:00:00', 5, 1),
(918, 1, '2016-07-16 20:00:00', 5, 0),
(919, 2, '2016-07-16 12:00:00', 6, 1),
(920, 2, '2016-07-16 14:00:00', 6, 0),
(921, 2, '2016-07-16 16:00:00', 6, 1),
(922, 2, '2016-07-16 18:00:00', 6, 0),
(923, 2, '2016-07-16 20:00:00', 6, 1),
(924, 3, '2016-07-16 12:00:00', 7, 0),
(925, 3, '2016-07-16 14:00:00', 7, 1),
(926, 3, '2016-07-16 16:00:00', 7, 0),
(927, 3, '2016-07-16 18:00:00', 7, 1),
(928, 3, '2016-07-16 20:00:00', 7, 0),
(929, 4, '2016-07-16 12:00:00', 9, 1),
(930, 4, '2016-07-16 14:00:00', 9, 0),
(931, 4, '2016-07-16 16:00:00', 9, 1),
(932, 4, '2016-07-16 18:00:00', 9, 0),
(933, 4, '2016-07-16 20:00:00', 9, 1),
(934, 5, '2016-07-16 12:00:00', 10, 0),
(935, 5, '2016-07-16 14:00:00', 10, 1),
(936, 5, '2016-07-16 16:00:00', 10, 0),
(937, 5, '2016-07-16 18:00:00', 10, 1),
(938, 5, '2016-07-16 20:00:00', 10, 0),
(939, 6, '2016-07-16 12:00:00', 11, 1),
(940, 6, '2016-07-16 14:00:00', 11, 0),
(941, 6, '2016-07-16 16:00:00', 11, 1),
(942, 6, '2016-07-16 18:00:00', 11, 0),
(943, 6, '2016-07-16 20:00:00', 11, 1),
(944, 1, '2016-07-17 12:00:00', 2, 0),
(945, 1, '2016-07-17 14:00:00', 2, 1),
(946, 1, '2016-07-17 16:00:00', 2, 0),
(947, 1, '2016-07-17 18:00:00', 2, 1),
(948, 1, '2016-07-17 20:00:00', 2, 0),
(949, 2, '2016-07-17 12:00:00', 3, 1),
(950, 2, '2016-07-17 14:00:00', 3, 0),
(951, 2, '2016-07-17 16:00:00', 3, 1),
(952, 2, '2016-07-17 18:00:00', 3, 0),
(953, 2, '2016-07-17 20:00:00', 3, 1),
(954, 3, '2016-07-17 12:00:00', 4, 0),
(955, 3, '2016-07-17 14:00:00', 4, 1),
(956, 3, '2016-07-17 16:00:00', 4, 0),
(957, 3, '2016-07-17 18:00:00', 4, 1),
(958, 3, '2016-07-17 20:00:00', 4, 0),
(959, 4, '2016-07-17 12:00:00', 5, 1),
(960, 4, '2016-07-17 14:00:00', 5, 0),
(961, 4, '2016-07-17 16:00:00', 5, 1),
(962, 4, '2016-07-17 18:00:00', 5, 0),
(963, 4, '2016-07-17 20:00:00', 5, 1),
(964, 5, '2016-07-17 12:00:00', 6, 0),
(965, 5, '2016-07-17 14:00:00', 6, 1),
(966, 5, '2016-07-17 16:00:00', 6, 0),
(967, 5, '2016-07-17 18:00:00', 6, 1),
(968, 5, '2016-07-17 20:00:00', 6, 0),
(969, 6, '2016-07-17 12:00:00', 7, 1),
(970, 6, '2016-07-17 14:00:00', 7, 0),
(971, 6, '2016-07-17 16:00:00', 7, 1),
(972, 6, '2016-07-17 18:00:00', 7, 0),
(973, 6, '2016-07-17 20:00:00', 7, 1),
(974, 1, '2016-07-18 12:00:00', 9, 0),
(975, 1, '2016-07-18 14:00:00', 9, 1),
(976, 1, '2016-07-18 16:00:00', 9, 0),
(977, 1, '2016-07-18 18:00:00', 9, 1),
(978, 1, '2016-07-18 20:00:00', 9, 0),
(979, 2, '2016-07-18 12:00:00', 10, 1),
(980, 2, '2016-07-18 14:00:00', 10, 0),
(981, 2, '2016-07-18 16:00:00', 10, 1),
(982, 2, '2016-07-18 18:00:00', 10, 0),
(983, 2, '2016-07-18 20:00:00', 10, 1),
(984, 3, '2016-07-18 12:00:00', 11, 0),
(985, 3, '2016-07-18 14:00:00', 11, 1),
(986, 3, '2016-07-18 16:00:00', 11, 0),
(987, 3, '2016-07-18 18:00:00', 11, 1),
(988, 3, '2016-07-18 20:00:00', 11, 0),
(989, 4, '2016-07-18 12:00:00', 2, 1),
(990, 4, '2016-07-18 14:00:00', 2, 0),
(991, 4, '2016-07-18 16:00:00', 2, 1),
(992, 4, '2016-07-18 18:00:00', 2, 0),
(993, 4, '2016-07-18 20:00:00', 2, 1),
(994, 5, '2016-07-18 12:00:00', 3, 0),
(995, 5, '2016-07-18 14:00:00', 3, 1),
(996, 5, '2016-07-18 16:00:00', 3, 0),
(997, 5, '2016-07-18 18:00:00', 3, 1),
(998, 5, '2016-07-18 20:00:00', 3, 0),
(999, 6, '2016-07-18 12:00:00', 4, 1),
(1000, 6, '2016-07-18 14:00:00', 4, 0),
(1001, 6, '2016-07-18 16:00:00', 4, 1),
(1002, 6, '2016-07-18 18:00:00', 4, 0),
(1003, 6, '2016-07-18 20:00:00', 4, 1),
(1004, 1, '2016-07-19 12:00:00', 5, 0),
(1005, 1, '2016-07-19 14:00:00', 5, 1),
(1006, 1, '2016-07-19 16:00:00', 5, 0),
(1007, 1, '2016-07-19 18:00:00', 5, 1),
(1008, 1, '2016-07-19 20:00:00', 5, 0),
(1009, 2, '2016-07-19 12:00:00', 6, 1),
(1010, 2, '2016-07-19 14:00:00', 6, 0),
(1011, 2, '2016-07-19 16:00:00', 6, 1),
(1012, 2, '2016-07-19 18:00:00', 6, 0),
(1013, 2, '2016-07-19 20:00:00', 6, 1),
(1014, 3, '2016-07-19 12:00:00', 7, 0),
(1015, 3, '2016-07-19 14:00:00', 7, 1),
(1016, 3, '2016-07-19 16:00:00', 7, 0),
(1017, 3, '2016-07-19 18:00:00', 7, 1),
(1018, 3, '2016-07-19 20:00:00', 7, 0),
(1019, 4, '2016-07-19 12:00:00', 9, 1),
(1020, 4, '2016-07-19 14:00:00', 9, 0),
(1021, 4, '2016-07-19 16:00:00', 9, 1),
(1022, 4, '2016-07-19 18:00:00', 9, 0),
(1023, 4, '2016-07-19 20:00:00', 9, 1),
(1024, 5, '2016-07-19 12:00:00', 10, 0),
(1025, 5, '2016-07-19 14:00:00', 10, 1),
(1026, 5, '2016-07-19 16:00:00', 10, 0),
(1027, 5, '2016-07-19 18:00:00', 10, 1),
(1028, 5, '2016-07-19 20:00:00', 10, 0),
(1029, 6, '2016-07-19 12:00:00', 11, 1),
(1030, 6, '2016-07-19 14:00:00', 11, 0),
(1031, 6, '2016-07-19 16:00:00', 11, 1),
(1032, 6, '2016-07-19 18:00:00', 11, 0),
(1033, 6, '2016-07-19 20:00:00', 11, 1),
(1034, 1, '2016-07-20 12:00:00', 2, 0),
(1035, 1, '2016-07-20 14:00:00', 2, 1),
(1036, 1, '2016-07-20 16:00:00', 2, 0),
(1037, 1, '2016-07-20 18:00:00', 2, 1),
(1038, 1, '2016-07-20 20:00:00', 2, 0),
(1039, 2, '2016-07-20 12:00:00', 3, 1),
(1040, 2, '2016-07-20 14:00:00', 3, 0),
(1041, 2, '2016-07-20 16:00:00', 3, 1),
(1042, 2, '2016-07-20 18:00:00', 3, 0),
(1043, 2, '2016-07-20 20:00:00', 3, 1),
(1044, 3, '2016-07-20 12:00:00', 4, 0),
(1045, 3, '2016-07-20 14:00:00', 4, 1),
(1046, 3, '2016-07-20 16:00:00', 4, 0),
(1047, 3, '2016-07-20 18:00:00', 4, 1),
(1048, 3, '2016-07-20 20:00:00', 4, 0),
(1049, 4, '2016-07-20 12:00:00', 5, 1),
(1050, 4, '2016-07-20 14:00:00', 5, 0),
(1051, 4, '2016-07-20 16:00:00', 5, 1),
(1052, 4, '2016-07-20 18:00:00', 5, 0),
(1053, 4, '2016-07-20 20:00:00', 5, 1),
(1054, 5, '2016-07-20 12:00:00', 6, 0),
(1055, 5, '2016-07-20 14:00:00', 6, 1),
(1056, 5, '2016-07-20 16:00:00', 6, 0),
(1057, 5, '2016-07-20 18:00:00', 6, 1),
(1058, 5, '2016-07-20 20:00:00', 6, 0),
(1059, 6, '2016-07-20 12:00:00', 7, 1),
(1060, 6, '2016-07-20 14:00:00', 7, 0),
(1061, 6, '2016-07-20 16:00:00', 7, 1),
(1062, 6, '2016-07-20 18:00:00', 7, 0),
(1063, 6, '2016-07-20 20:00:00', 7, 1),
(1064, 1, '2016-07-21 12:00:00', 9, 0),
(1065, 1, '2016-07-21 14:00:00', 9, 1),
(1066, 1, '2016-07-21 16:00:00', 9, 0),
(1067, 1, '2016-07-21 18:00:00', 9, 1),
(1068, 1, '2016-07-21 20:00:00', 9, 0),
(1069, 2, '2016-07-21 12:00:00', 10, 1),
(1070, 2, '2016-07-21 14:00:00', 10, 0),
(1071, 2, '2016-07-21 16:00:00', 10, 1),
(1072, 2, '2016-07-21 18:00:00', 10, 0),
(1073, 2, '2016-07-21 20:00:00', 10, 1),
(1074, 3, '2016-07-21 12:00:00', 11, 0),
(1075, 3, '2016-07-21 14:00:00', 11, 1),
(1076, 3, '2016-07-21 16:00:00', 11, 0),
(1077, 3, '2016-07-21 18:00:00', 11, 1),
(1078, 3, '2016-07-21 20:00:00', 11, 0),
(1079, 4, '2016-07-21 12:00:00', 2, 1),
(1080, 4, '2016-07-21 14:00:00', 2, 0),
(1081, 4, '2016-07-21 16:00:00', 2, 1),
(1082, 4, '2016-07-21 18:00:00', 2, 0),
(1083, 4, '2016-07-21 20:00:00', 2, 1),
(1084, 5, '2016-07-21 12:00:00', 3, 0),
(1085, 5, '2016-07-21 14:00:00', 3, 1),
(1086, 5, '2016-07-21 16:00:00', 3, 0),
(1087, 5, '2016-07-21 18:00:00', 3, 1),
(1088, 5, '2016-07-21 20:00:00', 3, 0),
(1089, 6, '2016-07-21 12:00:00', 4, 1),
(1090, 6, '2016-07-21 14:00:00', 4, 0),
(1091, 6, '2016-07-21 16:00:00', 4, 1),
(1092, 6, '2016-07-21 18:00:00', 4, 0),
(1093, 6, '2016-07-21 20:00:00', 4, 1),
(1094, 1, '2016-07-22 12:00:00', 5, 0),
(1095, 1, '2016-07-22 14:00:00', 5, 1),
(1096, 1, '2016-07-22 16:00:00', 5, 0),
(1097, 1, '2016-07-22 18:00:00', 5, 1),
(1098, 1, '2016-07-22 20:00:00', 5, 0),
(1099, 2, '2016-07-22 12:00:00', 6, 1),
(1100, 2, '2016-07-22 14:00:00', 6, 0),
(1101, 2, '2016-07-22 16:00:00', 6, 1),
(1102, 2, '2016-07-22 18:00:00', 6, 0),
(1103, 2, '2016-07-22 20:00:00', 6, 1),
(1104, 3, '2016-07-22 12:00:00', 7, 0),
(1105, 3, '2016-07-22 14:00:00', 7, 1),
(1106, 3, '2016-07-22 16:00:00', 7, 0),
(1107, 3, '2016-07-22 18:00:00', 7, 1),
(1108, 3, '2016-07-22 20:00:00', 7, 0),
(1109, 4, '2016-07-22 12:00:00', 9, 1),
(1110, 4, '2016-07-22 14:00:00', 9, 0),
(1111, 4, '2016-07-22 16:00:00', 9, 1),
(1112, 4, '2016-07-22 18:00:00', 9, 0),
(1113, 4, '2016-07-22 20:00:00', 9, 1),
(1114, 5, '2016-07-22 12:00:00', 10, 0),
(1115, 5, '2016-07-22 14:00:00', 10, 1),
(1116, 5, '2016-07-22 16:00:00', 10, 0),
(1117, 5, '2016-07-22 18:00:00', 10, 1),
(1118, 5, '2016-07-22 20:00:00', 10, 0),
(1119, 6, '2016-07-22 12:00:00', 11, 1),
(1120, 6, '2016-07-22 14:00:00', 11, 0),
(1121, 6, '2016-07-22 16:00:00', 11, 1),
(1122, 6, '2016-07-22 18:00:00', 11, 0),
(1123, 6, '2016-07-22 20:00:00', 11, 1),
(1124, 1, '2016-07-23 12:00:00', 2, 0),
(1125, 1, '2016-07-23 14:00:00', 2, 1),
(1126, 1, '2016-07-23 16:00:00', 2, 0),
(1127, 1, '2016-07-23 18:00:00', 2, 1),
(1128, 1, '2016-07-23 20:00:00', 2, 0),
(1129, 2, '2016-07-23 12:00:00', 3, 1),
(1130, 2, '2016-07-23 14:00:00', 3, 0),
(1131, 2, '2016-07-23 16:00:00', 3, 1),
(1132, 2, '2016-07-23 18:00:00', 3, 0),
(1133, 2, '2016-07-23 20:00:00', 3, 1),
(1134, 3, '2016-07-23 12:00:00', 4, 0),
(1135, 3, '2016-07-23 14:00:00', 4, 1),
(1136, 3, '2016-07-23 16:00:00', 4, 0),
(1137, 3, '2016-07-23 18:00:00', 4, 1),
(1138, 3, '2016-07-23 20:00:00', 4, 0),
(1139, 4, '2016-07-23 12:00:00', 5, 1),
(1140, 4, '2016-07-23 14:00:00', 5, 0),
(1141, 4, '2016-07-23 16:00:00', 5, 1),
(1142, 4, '2016-07-23 18:00:00', 5, 0),
(1143, 4, '2016-07-23 20:00:00', 5, 1),
(1144, 5, '2016-07-23 12:00:00', 6, 0),
(1145, 5, '2016-07-23 14:00:00', 6, 1),
(1146, 5, '2016-07-23 16:00:00', 6, 0),
(1147, 5, '2016-07-23 18:00:00', 6, 1),
(1148, 5, '2016-07-23 20:00:00', 6, 0),
(1149, 6, '2016-07-23 12:00:00', 7, 1),
(1150, 6, '2016-07-23 14:00:00', 7, 0),
(1151, 6, '2016-07-23 16:00:00', 7, 1),
(1152, 6, '2016-07-23 18:00:00', 7, 0),
(1153, 6, '2016-07-23 20:00:00', 7, 1),
(1154, 1, '2016-07-24 12:00:00', 9, 0),
(1155, 1, '2016-07-24 14:00:00', 9, 1),
(1156, 1, '2016-07-24 16:00:00', 9, 0),
(1157, 1, '2016-07-24 18:00:00', 9, 1),
(1158, 1, '2016-07-24 20:00:00', 9, 0),
(1159, 2, '2016-07-24 12:00:00', 10, 1),
(1160, 2, '2016-07-24 14:00:00', 10, 0),
(1161, 2, '2016-07-24 16:00:00', 10, 1),
(1162, 2, '2016-07-24 18:00:00', 10, 0),
(1163, 2, '2016-07-24 20:00:00', 10, 1),
(1164, 3, '2016-07-24 12:00:00', 11, 0),
(1165, 3, '2016-07-24 14:00:00', 11, 1),
(1166, 3, '2016-07-24 16:00:00', 11, 0),
(1167, 3, '2016-07-24 18:00:00', 11, 1),
(1168, 3, '2016-07-24 20:00:00', 11, 0),
(1169, 4, '2016-07-24 12:00:00', 2, 1),
(1170, 4, '2016-07-24 14:00:00', 2, 0),
(1171, 4, '2016-07-24 16:00:00', 2, 1),
(1172, 4, '2016-07-24 18:00:00', 2, 0),
(1173, 4, '2016-07-24 20:00:00', 2, 1),
(1174, 5, '2016-07-24 12:00:00', 3, 0),
(1175, 5, '2016-07-24 14:00:00', 3, 1),
(1176, 5, '2016-07-24 16:00:00', 3, 0),
(1177, 5, '2016-07-24 18:00:00', 3, 1),
(1178, 5, '2016-07-24 20:00:00', 3, 0),
(1179, 6, '2016-07-24 12:00:00', 4, 1),
(1180, 6, '2016-07-24 14:00:00', 4, 0),
(1181, 6, '2016-07-24 16:00:00', 4, 1),
(1182, 6, '2016-07-24 18:00:00', 4, 0),
(1183, 6, '2016-07-24 20:00:00', 4, 1),
(1184, 1, '2016-07-25 12:00:00', 5, 0),
(1185, 1, '2016-07-25 14:00:00', 5, 1),
(1186, 1, '2016-07-25 16:00:00', 5, 0),
(1187, 1, '2016-07-25 18:00:00', 5, 1),
(1188, 1, '2016-07-25 20:00:00', 5, 0),
(1189, 2, '2016-07-25 12:00:00', 6, 1),
(1190, 2, '2016-07-25 14:00:00', 6, 0),
(1191, 2, '2016-07-25 16:00:00', 6, 1),
(1192, 2, '2016-07-25 18:00:00', 6, 0),
(1193, 2, '2016-07-25 20:00:00', 6, 1),
(1194, 3, '2016-07-25 12:00:00', 7, 0),
(1195, 3, '2016-07-25 14:00:00', 7, 1),
(1196, 3, '2016-07-25 16:00:00', 7, 0),
(1197, 3, '2016-07-25 18:00:00', 7, 1),
(1198, 3, '2016-07-25 20:00:00', 7, 0),
(1199, 4, '2016-07-25 12:00:00', 9, 1),
(1200, 4, '2016-07-25 14:00:00', 9, 0),
(1201, 4, '2016-07-25 16:00:00', 9, 1),
(1202, 4, '2016-07-25 18:00:00', 9, 0),
(1203, 4, '2016-07-25 20:00:00', 9, 1),
(1204, 5, '2016-07-25 12:00:00', 10, 0),
(1205, 5, '2016-07-25 14:00:00', 10, 1),
(1206, 5, '2016-07-25 16:00:00', 10, 0),
(1207, 5, '2016-07-25 18:00:00', 10, 1),
(1208, 5, '2016-07-25 20:00:00', 10, 0),
(1209, 6, '2016-07-25 12:00:00', 11, 1),
(1210, 6, '2016-07-25 14:00:00', 11, 0),
(1211, 6, '2016-07-25 16:00:00', 11, 1),
(1212, 6, '2016-07-25 18:00:00', 11, 0),
(1213, 6, '2016-07-25 20:00:00', 11, 1),
(1214, 1, '2016-07-26 12:00:00', 2, 0),
(1215, 1, '2016-07-26 14:00:00', 2, 1),
(1216, 1, '2016-07-26 16:00:00', 2, 0),
(1217, 1, '2016-07-26 18:00:00', 2, 1),
(1218, 1, '2016-07-26 20:00:00', 2, 0),
(1219, 2, '2016-07-26 12:00:00', 3, 1),
(1220, 2, '2016-07-26 14:00:00', 3, 0),
(1221, 2, '2016-07-26 16:00:00', 3, 1),
(1222, 2, '2016-07-26 18:00:00', 3, 0),
(1223, 2, '2016-07-26 20:00:00', 3, 1),
(1224, 3, '2016-07-26 12:00:00', 4, 0),
(1225, 3, '2016-07-26 14:00:00', 4, 1),
(1226, 3, '2016-07-26 16:00:00', 4, 0),
(1227, 3, '2016-07-26 18:00:00', 4, 1),
(1228, 3, '2016-07-26 20:00:00', 4, 0),
(1229, 4, '2016-07-26 12:00:00', 5, 1),
(1230, 4, '2016-07-26 14:00:00', 5, 0),
(1231, 4, '2016-07-26 16:00:00', 5, 1),
(1232, 4, '2016-07-26 18:00:00', 5, 0),
(1233, 4, '2016-07-26 20:00:00', 5, 1),
(1234, 5, '2016-07-26 12:00:00', 6, 0),
(1235, 5, '2016-07-26 14:00:00', 6, 1),
(1236, 5, '2016-07-26 16:00:00', 6, 0),
(1237, 5, '2016-07-26 18:00:00', 6, 1),
(1238, 5, '2016-07-26 20:00:00', 6, 0),
(1239, 6, '2016-07-26 12:00:00', 7, 1),
(1240, 6, '2016-07-26 14:00:00', 7, 0),
(1241, 6, '2016-07-26 16:00:00', 7, 1),
(1242, 6, '2016-07-26 18:00:00', 7, 0),
(1243, 6, '2016-07-26 20:00:00', 7, 1),
(1244, 1, '2016-07-27 12:00:00', 9, 0),
(1245, 1, '2016-07-27 14:00:00', 9, 1),
(1246, 1, '2016-07-27 16:00:00', 9, 0),
(1247, 1, '2016-07-27 18:00:00', 9, 1),
(1248, 1, '2016-07-27 20:00:00', 9, 0),
(1249, 2, '2016-07-27 12:00:00', 10, 1),
(1250, 2, '2016-07-27 14:00:00', 10, 0),
(1251, 2, '2016-07-27 16:00:00', 10, 1),
(1252, 2, '2016-07-27 18:00:00', 10, 0),
(1253, 2, '2016-07-27 20:00:00', 10, 1),
(1254, 3, '2016-07-27 12:00:00', 11, 0),
(1255, 3, '2016-07-27 14:00:00', 11, 1),
(1256, 3, '2016-07-27 16:00:00', 11, 0),
(1257, 3, '2016-07-27 18:00:00', 11, 1),
(1258, 3, '2016-07-27 20:00:00', 11, 0),
(1259, 4, '2016-07-27 12:00:00', 2, 1),
(1260, 4, '2016-07-27 14:00:00', 2, 0),
(1261, 4, '2016-07-27 16:00:00', 2, 1),
(1262, 4, '2016-07-27 18:00:00', 2, 0),
(1263, 4, '2016-07-27 20:00:00', 2, 1),
(1264, 5, '2016-07-27 12:00:00', 3, 0),
(1265, 5, '2016-07-27 14:00:00', 3, 1),
(1266, 5, '2016-07-27 16:00:00', 3, 0),
(1267, 5, '2016-07-27 18:00:00', 3, 1),
(1268, 5, '2016-07-27 20:00:00', 3, 0),
(1269, 6, '2016-07-27 12:00:00', 4, 1),
(1270, 6, '2016-07-27 14:00:00', 4, 0),
(1271, 6, '2016-07-27 16:00:00', 4, 1),
(1272, 6, '2016-07-27 18:00:00', 4, 0),
(1273, 6, '2016-07-27 20:00:00', 4, 1),
(1274, 1, '2016-07-28 12:00:00', 5, 0),
(1275, 1, '2016-07-28 14:00:00', 5, 1),
(1276, 1, '2016-07-28 16:00:00', 5, 0),
(1277, 1, '2016-07-28 18:00:00', 5, 1),
(1278, 1, '2016-07-28 20:00:00', 5, 0),
(1279, 2, '2016-07-28 12:00:00', 6, 1),
(1280, 2, '2016-07-28 14:00:00', 6, 0),
(1281, 2, '2016-07-28 16:00:00', 6, 1),
(1282, 2, '2016-07-28 18:00:00', 6, 0),
(1283, 2, '2016-07-28 20:00:00', 6, 1),
(1284, 3, '2016-07-28 12:00:00', 7, 0),
(1285, 3, '2016-07-28 14:00:00', 7, 1),
(1286, 3, '2016-07-28 16:00:00', 7, 0),
(1287, 3, '2016-07-28 18:00:00', 7, 1),
(1288, 3, '2016-07-28 20:00:00', 7, 0),
(1289, 4, '2016-07-28 12:00:00', 9, 1),
(1290, 4, '2016-07-28 14:00:00', 9, 0),
(1291, 4, '2016-07-28 16:00:00', 9, 1),
(1292, 4, '2016-07-28 18:00:00', 9, 0),
(1293, 4, '2016-07-28 20:00:00', 9, 1),
(1294, 5, '2016-07-28 12:00:00', 10, 0),
(1295, 5, '2016-07-28 14:00:00', 10, 1),
(1296, 5, '2016-07-28 16:00:00', 10, 0),
(1297, 5, '2016-07-28 18:00:00', 10, 1),
(1298, 5, '2016-07-28 20:00:00', 10, 0),
(1299, 6, '2016-07-28 12:00:00', 11, 1),
(1300, 6, '2016-07-28 14:00:00', 11, 0),
(1301, 6, '2016-07-28 16:00:00', 11, 1),
(1302, 6, '2016-07-28 18:00:00', 11, 0),
(1303, 6, '2016-07-28 20:00:00', 11, 1),
(1304, 1, '2016-07-29 12:00:00', 2, 0),
(1305, 1, '2016-07-29 14:00:00', 2, 1),
(1306, 1, '2016-07-29 16:00:00', 2, 0),
(1307, 1, '2016-07-29 18:00:00', 2, 1),
(1308, 1, '2016-07-29 20:00:00', 2, 0),
(1309, 2, '2016-07-29 12:00:00', 3, 1),
(1310, 2, '2016-07-29 14:00:00', 3, 0),
(1311, 2, '2016-07-29 16:00:00', 3, 1),
(1312, 2, '2016-07-29 18:00:00', 3, 0),
(1313, 2, '2016-07-29 20:00:00', 3, 1),
(1314, 3, '2016-07-29 12:00:00', 4, 0),
(1315, 3, '2016-07-29 14:00:00', 4, 1),
(1316, 3, '2016-07-29 16:00:00', 4, 0),
(1317, 3, '2016-07-29 18:00:00', 4, 1),
(1318, 3, '2016-07-29 20:00:00', 4, 0),
(1319, 4, '2016-07-29 12:00:00', 5, 1),
(1320, 4, '2016-07-29 14:00:00', 5, 0),
(1321, 4, '2016-07-29 16:00:00', 5, 1),
(1322, 4, '2016-07-29 18:00:00', 5, 0),
(1323, 4, '2016-07-29 20:00:00', 5, 1),
(1324, 5, '2016-07-29 12:00:00', 6, 0),
(1325, 5, '2016-07-29 14:00:00', 6, 1),
(1326, 5, '2016-07-29 16:00:00', 6, 0),
(1327, 5, '2016-07-29 18:00:00', 6, 1),
(1328, 5, '2016-07-29 20:00:00', 6, 0),
(1329, 6, '2016-07-29 12:00:00', 7, 1),
(1330, 6, '2016-07-29 14:00:00', 7, 0),
(1331, 6, '2016-07-29 16:00:00', 7, 1),
(1332, 6, '2016-07-29 18:00:00', 7, 0),
(1333, 6, '2016-07-29 20:00:00', 7, 1),
(1334, 1, '2016-07-30 12:00:00', 9, 0);

--
-- Volcado de datos para la tabla `peliculas`
--

--
-- Volcado de datos para la tabla `plantilla_butacas_sala`
--

--
-- Volcado de datos para la tabla `precios_butacas`
--

INSERT INTO `precios_butacas` (`id`, `tipo`, `precio`) VALUES
(1, 'NORMAL', 10),
(2, 'VIP', 15),
(3, 'MINUSVALIDOS', 7),
(4, '3D', 3);

--
-- Volcado de datos para la tabla `promociones`
--

INSERT INTO `promociones` (`id_promo`, `imagen`, `pdf`) VALUES
(1, 'img/promo1.png', 'promos/PromoPalomitas.pdf');

--
-- Volcado de datos para la tabla `registro_logs`
--

INSERT INTO `registro_logs` (`gestor`, `ultimo_log`) VALUES
('gestor', '2016-06-16 13:05:21');

--
-- Volcado de datos para la tabla `sala`
--


--
-- Volcado de datos para la tabla `socio`
--



--
-- Volcado de datos para la tabla `usuarios`
--





INSERT INTO `butacas_ocupadas` (`id_horario`, `fila`, `columna`, `id_compra`) VALUES
(30, 7, 8, 28),
(30, 1, 8, 30),
(30, 4, 7, 30),
(30, 4, 8, 30),
(30, 4, 9, 30),
(30, 5, 8, 30),
(30, 12, 7, 31),
(30, 12, 8, 31),
(30, 12, 9, 31),
(30, 9, 14, 34),
(30, 8, 10, 35),
(30, 9, 10, 35),
(30, 14, 10, 36),
(30, 14, 12, 37),
(30, 14, 13, 37),
(30, 14, 15, 39),
(30, 10, 13, 41),
(30, 6, 13, 42),
(30, 1, 12, 43),
(30, 4, 5, 43),
(30, 10, 1, 43),
(30, 10, 2, 43),
(30, 10, 18, 44),
(30, 11, 18, 44),
(30, 12, 13, 45),
(30, 9, 7, 46),
(30, 13, 7, 47),
(30, 12, 2, 48),
(30, 12, 3, 48),
(30, 12, 4, 48),
(30, 6, 1, 49),
(30, 6, 2, 49),
(30, 6, 3, 49),
(30, 6, 4, 49),
(30, 10, 6, 50),
(30, 4, 13, 51),
(30, 4, 14, 51),
(30, 4, 15, 51),
(30, 4, 16, 51),
(30, 2, 9, 52),
(30, 2, 10, 52),
(30, 2, 11, 52),
(30, 2, 12, 52),
(30, 5, 15, 53),
(30, 5, 16, 53),
(30, 5, 17, 53),
(30, 5, 18, 53),
(30, 1, 1, 54),
(30, 1, 2, 54),
(30, 1, 3, 54),
(30, 1, 4, 54),
(30, 2, 1, 54),
(30, 2, 2, 54),
(30, 2, 3, 54),
(30, 2, 4, 54),
(30, 8, 1, 55),
(30, 8, 2, 55),
(30, 8, 3, 55),
(30, 8, 4, 55),
(30, 8, 5, 55),
(30, 8, 6, 55),
(30, 8, 7, 55),
(31, 4, 8, 56),
(31, 4, 9, 56),
(31, 4, 10, 56),
(31, 4, 11, 56),
(31, 1, 8, 57),
(31, 1, 12, 57),
(31, 2, 12, 57),
(31, 11, 8, 58),
(31, 14, 9, 59),
(31, 14, 10, 59),
(31, 14, 11, 59),
(29, 6, 9, 61),
(29, 9, 6, 62),
(29, 9, 7, 62),
(29, 9, 8, 62),
(29, 9, 9, 62),
(29, 12, 7, 63),
(29, 12, 8, 63),
(29, 12, 9, 63),
(29, 12, 10, 63),
(29, 12, 11, 63),
(29, 13, 9, 64),
(29, 13, 10, 64),
(29, 13, 11, 64),
(29, 13, 12, 64),
(29, 13, 13, 64),
(29, 9, 13, 65),
(29, 9, 14, 65),
(29, 9, 15, 65),
(29, 9, 16, 65),
(29, 10, 12, 68);


/*!40101 SET CHARACTER_SET_CLIENT=@OLD_CHARACTER_SET_CLIENT */;
/*!40101 SET CHARACTER_SET_RESULTS=@OLD_CHARACTER_SET_RESULTS */;
/*!40101 SET COLLATION_CONNECTION=@OLD_COLLATION_CONNECTION */;
